Workbook

Sheet Standard Sequences
A1: Standard Sequences
C3: Unused/Unnecessary | D3: Tested | E3: Runs / Ready for Invivo Validation | F3: Errors
A5: Sequence | B5: XD | C5: Pulse Sequence | D5: PSD | E5: Options | F5: FOV | G5: Xres | H5: Yres | I5: Zres | J5: TE | K5: TR | L5: Flip Angle
A6: anatgx_cpir_25MRSI | B6: 3 | C6: SPGR | E6: Fast | F6: 25 | G6: 5 | H6: 5 | I6: 5 | J6: 0.536 | K6: 1.3 | L6: 3
A7: anatgx_cpir_30MRSI | B7: 3 | C7: SPGR | E7: Fast | F7: 30 | G7: 5 | H7: 5 | I7: 5 | J7: 0.488 | K7: 1.3 | L7: 3
A8: anatgx_cpir_35MRSI | B8: 3 | C8: SPGR | E8: Fast | F8: 35 | G8: 5 | H8: 5 | I8: 5 | J8: 0.476 | K8: 1.3 | L8: 3
A9: anatgx_cpir_40MRSI | B9: 3 | C9: SPGR | E9: Fast | F9: 40 | G9: 5 | H9: 5 | I9: 5 | J9: 0.456 | K9: 1.3 | L9: 3
A10: anatgx_mnsrp_3dMRSI | B10: 2 | C10: Fast GRE | E10: EDR | F10: 30 | G10: =300/72 -> 4.1666667 | H10: =267/64 -> 4.171875 | I10: 4.2 | J10: 1.204 | K10: 3.3 | L10: 10
A11: anatvent_xectc_20cart | B11: 2 | C11: Fast GRE | E11: EDR,SqP | F11: 20 | G11: 2 | H11: 2 | I11: 15 | J11: 1.028 | K11: 3.2 | L11: 10
A12: anatvent_xectc_30cart | B12: 2 | C12: Fast GRE | E12: EDR,SqP | F12: 30 | G12: 2 | H12: 2 | I12: 15 | J12: 1.02 | K12: 3.3 | L12: 10
A13: anatvent_xectc_40cart | B13: 2 | C13: Fast GRE | E13: EDR,SqP | F13: 40 | G13: 2 | H13: 2 | I13: 15 | J13: 1.04 | K13: 3.5 | L13: 10
A14: cardiac_cpir_3Vflow | B14: 2 | C14: Vasc PC | E14: FC,Gat,Seq,EDR,Fast,Asset | F14: 30 | G14: =300/120 -> 2.5 | H14: =300/120 -> 2.5 | I14: 8 | J14: 2.8 | K14: 4.7 | L14: 10
A15: cardiac_cpir_4dFlow | B15: 3 | C15: 4DFLOW | E15: Gat,EDR,Fast,ARC | F15: 25 | G15: =250/128 -> 1.953125 | H15: =250/128 -> 1.953125 | I15: 2 | J15: 1.6 | K15: 3.6 | L15: 10
A16: Cor_GRE_Phantom_Noise | B16: 2 | C16: Fid CSI | D16: fidcsi2 | E16: EDR | F16: 48 | G16: =480/64 -> 7.5 | H16: =480/32 -> 15 | I16: 250 | J16: 0 | K16: 19.2 | L16: 1
A17: Cor_GRE_Phantom_Signal | B17: 2 | C17: Fid CSI | D17: fidcsi2 | E17: EDR | F17: 48 | G17: =480/64 -> 7.5 | H17: =480/32 -> 15 | I17: 250 | J17: 0 | K17: 750 | L17: 74
A18: preful_cpir_ffe | B18: 2 | C18: SPGR | E18: Seq,EDR,Fast,MPh,ARC | F18: 50 | G18: =500/128 -> 3.90625 | H18: =500/128 -> 3.90625 | I18: 15 | J18: 0.744 | K18: 2.116 | L18: 5
A19: Proton_3D_GRE | B19: 3 | C19: SPGR | E19: Fast | F19: 40 | G19: =400/64 -> 6.25 | H19: =400/64 -> 6.25 | I19: 6.25 | J19: 0.456 | K19: 1.6 | L19: 3
A20: Proton_Cor_GRE | B20: 2 | C20: Gradient Echo | E20: Seq,Fast,Sqp,ZIP512 | F20: 38.4 | G20: =384/96 -> 4 | H20: =384/96 -> 4 | I20: 15 | J20: 1.088 | K20: 4.5 | L20: 10
A21: qa_cpir_FID | B21: 2 | C21: Fid CSI | E21: EDR | F21: 45 | J21: 0 | K21: 4000 | L21: 90
A22: qa_polarean_image | B22: 2 | C22: Fid CSI | D22: fidcsi2 | E22: EDR | F22: 48 | G22: =480/64 -> 7.5 | H22: =480/32 -> 15 | I22: 250 | J22: 0 | K22: 750 | L22: 74
A23: Scout_Localizer_3-plane | B23: 2 | C23: Gradient Echo | E23: Seq,Fast | F23: 50 | G23: =500/256 -> 1.953125 | H23: =500/128 -> 3.90625 | I23: 15 | J23: 1.084 | K23: 4.436 | L23: 30
A24: stru_cpir_4dzte | B24: 3 | C24: Gradient Echo | D24: research/ZTE4D/3dradial | E24: EDR,Fast,SqP,ZIP512 | F24: 35 | G24: =350/220 -> 1.5909091 | H24: =350/220 -> 1.5909091 | I24: 1.6 | J24: 0.016 | K24: 200.28 | L24: 2
A25: sur_cpir_card2pcv | B25: 2 | C25: Fiesta | E25: Gat,Seq,EDR,Fast,SqP,ZIP512,SonicDL | F25: 36 | G25: =360/192 -> 1.875 | H25: =360/160 -> 2.25 | I25: =8 -> 8 | J25: 0.9 | K25: 2.6 | L25: 49
A26: sur_cpir_cardSACine | B26: 2 | C26: Fiesta | E26: Gat,Seq,EDR,Fast,SqP,ZIP512,SonicDL | F26: 36 | G26: =360/192 -> 1.875 | H26: =360/160 -> 2.25 | I26: =8 -> 8 | J26: 0.9 | K26: 2.6 | L26: 49
A27: sur_cpir_Localizer | B27: 2 | C27: Gradient Echo | E27: Seq,Fast | F27: 50 | G27: =500/256 -> 1.953125 | H27: =500/128 -> 3.90625 | I27: 15 | J27: 1.084 | K27: 4.436 | L27: 30
A28: vent_xectc_20cart | B28: 2 | C28: Fid CSI | D28: fidcsi2 | E28: EDR | F28: 20 | G28: 4 | H28: 4 | I28: 15 | J28: 0 | K28: 123.6 | L28: 10
A29: vent_xectc_30cart | B29: 2 | C29: Fid CSI | D29: fidcsi2 | E29: EDR | F29: 30 | G29: 4 | H29: 4 | I29: 15 | J29: 0 | K29: 145.5 | L29: 10
A30: vent_xectc_40cart | B30: 2 | C30: Fid CSI | D30: fidcsi2 | E30: EDR | F30: 40 | G30: 4 | H30: 4 | I30: 15 | J30: 0 | K30: 155.9 | L30: 10
A31: Xenon_Cor_GRE_Ventilation | B31: 2 | C31: Fid CSI | D31: fidcsi2 | E31: EDR | F31: 38.4 | G31: =384/96 -> 4 | H31: =384/96 -> 4 | I31: 15 | J31: 0 | K31: 124.7 | L31: 10

Sheet MNSRP Sequences
A1: Sequence Name | B1: Flip Angle | C1: TE | D1: TR | E1: CV3 - Scan Mode | F1: ak_grad | G1: recon26 | H1: CV4 - Total number of scans | I1: CV14 - rfpulse | J1: exrf | K1: CV19 - blosi | L1: CV20 - vap | M1: vap_ | N1: cv21 - cv_pars | O1: cv_pars_ | P1: Notes
A2: qa_cpir_PhantomCSI | B2: 19 | C2: 0.746 | D2: 58.1 | E2: 1 | F2: =IF(_xlfn.XLOOKUP(Table1[[#This Row],[CV3 - Scan Mode]],'ak_grad links'!A:A,'ak_grad links'!B:B)=0,"",_xlfn.XLOOKUP(Table1[[#This Row],[CV3 - Scan Mode]],'ak_grad links'!A:A,'ak_grad links'!B:B)) -> MRSI Mode | G2: =IF(_xlfn.XLOOKUP(Table1[[#This Row],[CV3 - Scan Mode]],'recon links'!A:A,'recon links'!B:B)=0,"",_xlfn.XLOOKUP(Table1[[#This Row],[CV3 - Scan Mode]],'recon links'!A:A,'recon links'!B:B)) -> /export/home/sdc/fidall/bin/stack_plot.py /export/home/sdc/fidall/bin/recon_csi.py /export/home/sdc/fidall/bin/recon_prescan.py | H2: 1 | I2: 0 | J2: =IF(_xlfn.XLOOKUP(Table1[[#This Row],[CV14 - rfpulse]],'rf links'!A:A,'rf links'!E:E)=0,"",_xlfn.XLOOKUP(Table1[[#This Row],[CV14 - rfpulse]],'rf links'!A:A,'rf links'!E:E)) -> GE hard pulse | K2: 0 | L2: 0 | M2: =IF(_xlfn.XLOOKUP(Table1[[#This Row],[CV20 - vap]],'vap links'!A:A,'vap links'!K:K)=0,"",_xlfn.XLOOKUP(Table1[[#This Row],[CV20 - vap]],'vap links'!A:A,'vap links'!K:K)) -> #N/A | N2: 0 | O2: =IF(_xlfn.XLOOKUP(Table1[[#This Row],[cv21 - cv_pars]],'cv_pars links'!A:A,'cv_pars links'!B:B)=0,"",_xlfn.XLOOKUP(Table1[[#This Row],[cv21 - cv_pars]],'cv_pars links'!A:A,'cv_pars links'!B:B)) -> #N/A
A3: qa_mnsrp_SystemNoise | B3: 90 | C3: 0.455 | D3: 74.6 | E3: 1 | F3: =IF(_xlfn.XLOOKUP(Table1[[#This Row],[CV3 - Scan Mode]],'ak_grad links'!A:A,'ak_grad links'!B:B)=0,"",_xlfn.XLOOKUP(Table1[[#This Row],[CV3 - Scan Mode]],'ak_grad links'!A:A,'ak_grad links'!B:B)) -> MRSI Mode | G3: =IF(_xlfn.XLOOKUP(Table1[[#This Row],[CV3 - Scan Mode]],'recon links'!A:A,'recon links'!B:B)=0,"",_xlfn.XLOOKUP(Table1[[#This Row],[CV3 - Scan Mode]],'recon links'!A:A,'recon links'!B:B)) -> /export/home/sdc/fidall/bin/stack_plot.py /export/home/sdc/fidall/bin/recon_csi.py /export/home/sdc/fidall/bin/recon_prescan.py | H3: 256 | I3: 0 | J3: =IF(_xlfn.XLOOKUP(Table1[[#This Row],[CV14 - rfpulse]],'rf links'!A:A,'rf links'!E:E)=0,"",_xlfn.XLOOKUP(Table1[[#This Row],[CV14 - rfpulse]],'rf links'!A:A,'rf links'!E:E)) -> GE hard pulse | K3: 0 | L3: 0 | M3: =IF(_xlfn.XLOOKUP(Table1[[#This Row],[CV20 - vap]],'vap links'!A:A,'vap links'!K:K)=0,"",_xlfn.XLOOKUP(Table1[[#This Row],[CV20 - vap]],'vap links'!A:A,'vap links'!K:K)) -> #N/A | N3: 0 | O3: =IF(_xlfn.XLOOKUP(Table1[[#This Row],[cv21 - cv_pars]],'cv_pars links'!A:A,'cv_pars links'!B:B)=0,"",_xlfn.XLOOKUP(Table1[[#This Row],[cv21 - cv_pars]],'cv_pars links'!A:A,'cv_pars links'!B:B)) -> #N/A
A4: cal_mnsrp_facal | B4: 10 | C4: 4.67 | D4: 88.8 | E4: 1 | F4: =IF(_xlfn.XLOOKUP(Table1[[#This Row],[CV3 - Scan Mode]],'ak_grad links'!A:A,'ak_grad links'!B:B)=0,"",_xlfn.XLOOKUP(Table1[[#This Row],[CV3 - Scan Mode]],'ak_grad links'!A:A,'ak_grad links'!B:B)) -> MRSI Mode | G4: =IF(_xlfn.XLOOKUP(Table1[[#This Row],[CV3 - Scan Mode]],'recon links'!A:A,'recon links'!B:B)=0,"",_xlfn.XLOOKUP(Table1[[#This Row],[CV3 - Scan Mode]],'recon links'!A:A,'recon links'!B:B)) -> /export/home/sdc/fidall/bin/stack_plot.py /export/home/sdc/fidall/bin/recon_csi.py /export/home/sdc/fidall/bin/recon_prescan.py | H4: 12 | I4: 0 | J4: =IF(_xlfn.XLOOKUP(Table1[[#This Row],[CV14 - rfpulse]],'rf links'!A:A,'rf links'!E:E)=0,"",_xlfn.XLOOKUP(Table1[[#This Row],[CV14 - rfpulse]],'rf links'!A:A,'rf links'!E:E)) -> GE hard pulse | K4: 4 | L4: 0 | M4: =IF(_xlfn.XLOOKUP(Table1[[#This Row],[CV20 - vap]],'vap links'!A:A,'vap links'!K:K)=0,"",_xlfn.XLOOKUP(Table1[[#This Row],[CV20 - vap]],'vap links'!A:A,'vap links'!K:K)) -> #N/A | N4: 12 | O4: =IF(_xlfn.XLOOKUP(Table1[[#This Row],[cv21 - cv_pars]],'cv_pars links'!A:A,'cv_pars links'!B:B)=0,"",_xlfn.XLOOKUP(Table1[[#This Row],[cv21 - cv_pars]],'cv_pars links'!A:A,'cv_pars links'!B:B)) -> cv_pars12.cvs
A5: Xenon_Bloch_Siegert | B5: 10 | C5: 4.914 | D5: 50 | E5: 1 | F5: =IF(_xlfn.XLOOKUP(Table1[[#This Row],[CV3 - Scan Mode]],'ak_grad links'!A:A,'ak_grad links'!B:B)=0,"",_xlfn.XLOOKUP(Table1[[#This Row],[CV3 - Scan Mode]],'ak_grad links'!A:A,'ak_grad links'!B:B)) -> MRSI Mode | G5: =IF(_xlfn.XLOOKUP(Table1[[#This Row],[CV3 - Scan Mode]],'recon links'!A:A,'recon links'!B:B)=0,"",_xlfn.XLOOKUP(Table1[[#This Row],[CV3 - Scan Mode]],'recon links'!A:A,'recon links'!B:B)) -> /export/home/sdc/fidall/bin/stack_plot.py /export/home/sdc/fidall/bin/recon_csi.py /export/home/sdc/fidall/bin/recon_prescan.py | H5: 20 | I5: 52 | J5: =IF(_xlfn.XLOOKUP(Table1[[#This Row],[CV14 - rfpulse]],'rf links'!A:A,'rf links'!E:E)=0,"",_xlfn.XLOOKUP(Table1[[#This Row],[CV14 - rfpulse]],'rf links'!A:A,'rf links'!E:E)) -> rffiles/129Xe_freq_5000hz_600us_3tbw.rho | K5: 4 | L5: 0 | M5: =IF(_xlfn.XLOOKUP(Table1[[#This Row],[CV20 - vap]],'vap links'!A:A,'vap links'!K:K)=0,"",_xlfn.XLOOKUP(Table1[[#This Row],[CV20 - vap]],'vap links'!A:A,'vap links'!K:K)) -> #N/A | N5: 12 | O5: =IF(_xlfn.XLOOKUP(Table1[[#This Row],[cv21 - cv_pars]],'cv_pars links'!A:A,'cv_pars links'!B:B)=0,"",_xlfn.XLOOKUP(Table1[[#This Row],[cv21 - cv_pars]],'cv_pars links'!A:A,'cv_pars links'!B:B)) -> cv_pars12.cvs
A6: vent_mnsrp_2dCartesian | B6: 10.3 | C6: 2.048 | D6: 154 | E6: 15 | F6: =IF(_xlfn.XLOOKUP(Table1[[#This Row],[CV3 - Scan Mode]],'ak_grad links'!A:A,'ak_grad links'!B:B)=0,"",_xlfn.XLOOKUP(Table1[[#This Row],[CV3 - Scan Mode]],'ak_grad links'!A:A,'ak_grad links'!B:B)) -> cart/cart2D_129Xe_fov300x240_mtx100x80_nexc80_kdt20_gmax32_smax99_dur4p92.wav | G6: =IF(_xlfn.XLOOKUP(Table1[[#This Row],[CV3 - Scan Mode]],'recon links'!A:A,'recon links'!B:B)=0,"",_xlfn.XLOOKUP(Table1[[#This Row],[CV3 - Scan Mode]],'recon links'!A:A,'recon links'!B:B)) -> /export/home/sdc/fidall/bin/recon_cart_interp.py | H6: 80 | I6: 1 | J6: =IF(_xlfn.XLOOKUP(Table1[[#This Row],[CV14 - rfpulse]],'rf links'!A:A,'rf links'!E:E)=0,"",_xlfn.XLOOKUP(Table1[[#This Row],[CV14 - rfpulse]],'rf links'!A:A,'rf links'!E:E)) -> GE soft pulse | K6: 0 | L6: 0 | M6: =IF(_xlfn.XLOOKUP(Table1[[#This Row],[CV20 - vap]],'vap links'!A:A,'vap links'!K:K)=0,"",_xlfn.XLOOKUP(Table1[[#This Row],[CV20 - vap]],'vap links'!A:A,'vap links'!K:K)) -> #N/A | N6: 15 | O6: =IF(_xlfn.XLOOKUP(Table1[[#This Row],[cv21 - cv_pars]],'cv_pars links'!A:A,'cv_pars links'!B:B)=0,"",_xlfn.XLOOKUP(Table1[[#This Row],[cv21 - cv_pars]],'cv_pars links'!A:A,'cv_pars links'!B:B)) -> ../waveforms/cart/cv_pars_spgr.cvs
A7: vent_mnsrp_vFA2dCartesian | B7: 30 | C7: 2.048 | D7: 154 | E7: 15 | F7: =IF(_xlfn.XLOOKUP(Table1[[#This Row],[CV3 - Scan Mode]],'ak_grad links'!A:A,'ak_grad links'!B:B)=0,"",_xlfn.XLOOKUP(Table1[[#This Row],[CV3 - Scan Mode]],'ak_grad links'!A:A,'ak_grad links'!B:B)) -> cart/cart2D_129Xe_fov300x240_mtx100x80_nexc80_kdt20_gmax32_smax99_dur4p92.wav | G7: =IF(_xlfn.XLOOKUP(Table1[[#This Row],[CV3 - Scan Mode]],'recon links'!A:A,'recon links'!B:B)=0,"",_xlfn.XLOOKUP(Table1[[#This Row],[CV3 - Scan Mode]],'recon links'!A:A,'recon links'!B:B)) -> /export/home/sdc/fidall/bin/recon_cart_interp.py | H7: 80 | I7: 1 | J7: =IF(_xlfn.XLOOKUP(Table1[[#This Row],[CV14 - rfpulse]],'rf links'!A:A,'rf links'!E:E)=0,"",_xlfn.XLOOKUP(Table1[[#This Row],[CV14 - rfpulse]],'rf links'!A:A,'rf links'!E:E)) -> GE soft pulse | K7: 0 | L7: 15 | M7: =IF(_xlfn.XLOOKUP(Table1[[#This Row],[CV20 - vap]],'vap links'!A:A,'vap links'!K:K)=0,"",_xlfn.XLOOKUP(Table1[[#This Row],[CV20 - vap]],'vap links'!A:A,'vap links'!K:K)) -> ../waveforms/cart/vap_vfa80_30.fdl | N7: 15 | O7: =IF(_xlfn.XLOOKUP(Table1[[#This Row],[cv21 - cv_pars]],'cv_pars links'!A:A,'cv_pars links'!B:B)=0,"",_xlfn.XLOOKUP(Table1[[#This Row],[cv21 - cv_pars]],'cv_pars links'!A:A,'cv_pars links'!B:B)) -> ../waveforms/cart/cv_pars_spgr.cvs
A8: gx_mnsrp_3dMRSI | B8: 10 | C8: 0.357 | D8: 7.9 | E8: 17 | F8: =IF(_xlfn.XLOOKUP(Table1[[#This Row],[CV3 - Scan Mode]],'ak_grad links'!A:A,'ak_grad links'!B:B)=0,"",_xlfn.XLOOKUP(Table1[[#This Row],[CV3 - Scan Mode]],'ak_grad links'!A:A,'ak_grad links'!B:B)) -> mrsi/mrsi3D_129Xe_scheme2_3_fov270_240_150_mtx18_16_10_bw20000_npts88_nexc1586_gmax16_smax87_crush2.wav | G8: =IF(_xlfn.XLOOKUP(Table1[[#This Row],[CV3 - Scan Mode]],'recon links'!A:A,'recon links'!B:B)=0,"",_xlfn.XLOOKUP(Table1[[#This Row],[CV3 - Scan Mode]],'recon links'!A:A,'recon links'!B:B)) -> /export/home/sdc/fidall/bin/recon_mrsi_xenon.py | H8: 1586 | I8: 17 | J8: =IF(_xlfn.XLOOKUP(Table1[[#This Row],[CV14 - rfpulse]],'rf links'!A:A,'rf links'!E:E)=0,"",_xlfn.XLOOKUP(Table1[[#This Row],[CV14 - rfpulse]],'rf links'!A:A,'rf links'!E:E)) -> /export/home/sdc/fidall/waveforms/rffiles/exrf_freq_flip40_t0p6_ref0p5_b1max11p855_bw1000.rho ../waveforms/rffiles/exrf_freq_flip40_t0p6_ref0p5_b1max11p855_bw1000.cvs | K8: 0 | L8: 17 | M8: =IF(_xlfn.XLOOKUP(Table1[[#This Row],[CV20 - vap]],'vap links'!A:A,'vap links'!K:K)=0,"",_xlfn.XLOOKUP(Table1[[#This Row],[CV20 - vap]],'vap links'!A:A,'vap links'!K:K)) -> ../waveforms/mrsi/mrsi3D_129Xe_scheme2_3_fov270_240_150_mtx18_16_10_bw20000_npts88_nexc1586_gmax16_smax87_crush2_agx.fdl ../waveforms/mrsi/mrsi3D_129Xe_scheme2_3_fov270_240_150_mtx18_16_10_bw20000_npts88_nexc1586_gmax16_smax87_crush2_agy.fdl ../waveforms/mrsi/mrsi3D_129Xe_scheme2_3_fov270_240_150_mtx18_16_10_bw20000_npts88_nexc1586_gmax16_smax87_crush2_agz.fdl ../waveforms/mrsi/vap_flip_10deg.fdl | N8: 17 | O8: =IF(_xlfn.XLOOKUP(Table1[[#This Row],[cv21 - cv_pars]],'cv_pars links'!A:A,'cv_pars links'!B:B)=0,"",_xlfn.XLOOKUP(Table1[[#This Row],[cv21 - cv_pars]],'cv_pars links'!A:A,'cv_pars links'!B:B)) -> ../waveforms/mrsi/cv_pars_mrsi_xenon.cvs
A9: qa_mnsrp_GradientNoise | B9: 90 | C9: 2.892 | D9: 1000 | E9: 27 | F9: =IF(_xlfn.XLOOKUP(Table1[[#This Row],[CV3 - Scan Mode]],'ak_grad links'!A:A,'ak_grad links'!B:B)=0,"",_xlfn.XLOOKUP(Table1[[#This Row],[CV3 - Scan Mode]],'ak_grad links'!A:A,'ak_grad links'!B:B)) -> grad_noise/grad_noise_spiral_13C_fov300_ksamp2_gmax30_smax119_dur27p1.wav | G9: =IF(_xlfn.XLOOKUP(Table1[[#This Row],[CV3 - Scan Mode]],'recon links'!A:A,'recon links'!B:B)=0,"",_xlfn.XLOOKUP(Table1[[#This Row],[CV3 - Scan Mode]],'recon links'!A:A,'recon links'!B:B)) -> /export/home/sdc/fidall/bin/characterise_grad_noise.py | H9: 20 | I9: 1 | J9: =IF(_xlfn.XLOOKUP(Table1[[#This Row],[CV14 - rfpulse]],'rf links'!A:A,'rf links'!E:E)=0,"",_xlfn.XLOOKUP(Table1[[#This Row],[CV14 - rfpulse]],'rf links'!A:A,'rf links'!E:E)) -> GE soft pulse | K9: 0 | L9: 27 | M9: =IF(_xlfn.XLOOKUP(Table1[[#This Row],[CV20 - vap]],'vap links'!A:A,'vap links'!K:K)=0,"",_xlfn.XLOOKUP(Table1[[#This Row],[CV20 - vap]],'vap links'!A:A,'vap links'!K:K)) -> ../waveforms/grad_noise/vap_flip_zero.fdl | N9: 27 | O9: =IF(_xlfn.XLOOKUP(Table1[[#This Row],[cv21 - cv_pars]],'cv_pars links'!A:A,'cv_pars links'!B:B)=0,"",_xlfn.XLOOKUP(Table1[[#This Row],[cv21 - cv_pars]],'cv_pars links'!A:A,'cv_pars links'!B:B)) -> ../waveforms/grad_noise/cv_pars_noise.cvs
A10: cal_cpir_dissolved | B10: 20 | C10: 0.384 | D10: 15 | E10: 30 | F10: =IF(_xlfn.XLOOKUP(Table1[[#This Row],[CV3 - Scan Mode]],'ak_grad links'!A:A,'ak_grad links'!B:B)=0,"",_xlfn.XLOOKUP(Table1[[#This Row],[CV3 - Scan Mode]],'ak_grad links'!A:A,'ak_grad links'!B:B)) | G10: =IF(_xlfn.XLOOKUP(Table1[[#This Row],[CV3 - Scan Mode]],'recon links'!A:A,'recon links'!B:B)=0,"",_xlfn.XLOOKUP(Table1[[#This Row],[CV3 - Scan Mode]],'recon links'!A:A,'recon links'!B:B)) -> /export/home/sdc/fidall/bin/recon_calibration_cchmc.py | H10: 520 | I10: 30 | J10: =IF(_xlfn.XLOOKUP(Table1[[#This Row],[CV14 - rfpulse]],'rf links'!A:A,'rf links'!E:E)=0,"",_xlfn.XLOOKUP(Table1[[#This Row],[CV14 - rfpulse]],'rf links'!A:A,'rf links'!E:E)) -> rffiles/129Xe_freq_5000hz_600us_3tbw.rho | K10: 0 | L10: 30 | M10: =IF(_xlfn.XLOOKUP(Table1[[#This Row],[CV20 - vap]],'vap links'!A:A,'vap links'!K:K)=0,"",_xlfn.XLOOKUP(Table1[[#This Row],[CV20 - vap]],'vap links'!A:A,'vap links'!K:K)) -> ../waveforms/cal/cal_cpir_nexc520_ndiss500_dfreq202_freq.fdl ../waveforms/vap_rf_spoiling/vap_phase_rf_spoiling_262112.fdl | N10: 30 | O10: =IF(_xlfn.XLOOKUP(Table1[[#This Row],[cv21 - cv_pars]],'cv_pars links'!A:A,'cv_pars links'!B:B)=0,"",_xlfn.XLOOKUP(Table1[[#This Row],[cv21 - cv_pars]],'cv_pars links'!A:A,'cv_pars links'!B:B)) -> ../waveforms/cal/cal_xxx.cvs | P10: revalidate in vivo, confirm accurate dissolved fits
A11: cal_xectc_dissolved | B11: 20 | C11: 0.384 | D11: 15 | E11: 31 | F11: =IF(_xlfn.XLOOKUP(Table1[[#This Row],[CV3 - Scan Mode]],'ak_grad links'!A:A,'ak_grad links'!B:B)=0,"",_xlfn.XLOOKUP(Table1[[#This Row],[CV3 - Scan Mode]],'ak_grad links'!A:A,'ak_grad links'!B:B)) | G11: =IF(_xlfn.XLOOKUP(Table1[[#This Row],[CV3 - Scan Mode]],'recon links'!A:A,'recon links'!B:B)=0,"",_xlfn.XLOOKUP(Table1[[#This Row],[CV3 - Scan Mode]],'recon links'!A:A,'recon links'!B:B)) -> /export/home/sdc/fidall/bin/recon_calibration_cchmc.py | H11: 520 | I11: 31 | J11: =IF(_xlfn.XLOOKUP(Table1[[#This Row],[CV14 - rfpulse]],'rf links'!A:A,'rf links'!E:E)=0,"",_xlfn.XLOOKUP(Table1[[#This Row],[CV14 - rfpulse]],'rf links'!A:A,'rf links'!E:E)) -> rffiles/129Xe_freq_5000hz_600us_3tbw.rho | K11: 0 | L11: 31 | M11: =IF(_xlfn.XLOOKUP(Table1[[#This Row],[CV20 - vap]],'vap links'!A:A,'vap links'!K:K)=0,"",_xlfn.XLOOKUP(Table1[[#This Row],[CV20 - vap]],'vap links'!A:A,'vap links'!K:K)) -> ../waveforms/cal/cal_xectc_nexc520_ndiss500_dfreq218_freq.fdl ../waveforms/vap_rf_spoiling/vap_phase_rf_spoiling_262112.fdl | N11: 31 | O11: =IF(_xlfn.XLOOKUP(Table1[[#This Row],[cv21 - cv_pars]],'cv_pars links'!A:A,'cv_pars links'!B:B)=0,"",_xlfn.XLOOKUP(Table1[[#This Row],[cv21 - cv_pars]],'cv_pars links'!A:A,'cv_pars links'!B:B)) -> ../waveforms/cal/cal_xxx.cvs | P11: validate in vivo
A12: diff_cpir_40Cart4bs2d | B12: 5.5 | C12: 1.776 | D12: 40.6 | E12: 35 | F12: =IF(_xlfn.XLOOKUP(Table1[[#This Row],[CV3 - Scan Mode]],'ak_grad links'!A:A,'ak_grad links'!B:B)=0,"",_xlfn.XLOOKUP(Table1[[#This Row],[CV3 - Scan Mode]],'ak_grad links'!A:A,'ak_grad links'!B:B)) -> diff_cpir_2dCart4bs/diffcart2D_129Xe_fov400_mtx80_nexc320_kdt52_gmax29_smax98_dur14p9_co.wav | G12: =IF(_xlfn.XLOOKUP(Table1[[#This Row],[CV3 - Scan Mode]],'recon links'!A:A,'recon links'!B:B)=0,"",_xlfn.XLOOKUP(Table1[[#This Row],[CV3 - Scan Mode]],'recon links'!A:A,'recon links'!B:B)) -> /export/home/sdc/fidall/bin/recon_diffusion.py | H12: 320 | I12: 1 | J12: =IF(_xlfn.XLOOKUP(Table1[[#This Row],[CV14 - rfpulse]],'rf links'!A:A,'rf links'!E:E)=0,"",_xlfn.XLOOKUP(Table1[[#This Row],[CV14 - rfpulse]],'rf links'!A:A,'rf links'!E:E)) -> GE soft pulse | K12: 0 | L12: 35 | M12: =IF(_xlfn.XLOOKUP(Table1[[#This Row],[CV20 - vap]],'vap links'!A:A,'vap links'!K:K)=0,"",_xlfn.XLOOKUP(Table1[[#This Row],[CV20 - vap]],'vap links'!A:A,'vap links'!K:K)) -> ../waveforms/vap_rf_spoiling/vap_phase_rf_spoiling_262112.fdl | N12: 35 | O12: =IF(_xlfn.XLOOKUP(Table1[[#This Row],[cv21 - cv_pars]],'cv_pars links'!A:A,'cv_pars links'!B:B)=0,"",_xlfn.XLOOKUP(Table1[[#This Row],[cv21 - cv_pars]],'cv_pars links'!A:A,'cv_pars links'!B:B)) -> ../waveforms/diff_cpir_2dCart4bs/diff_cpir_2dCart4bs.cvs
A13: diff_cpir_35Cart4bs2d | B13: 5.8 | C13: 1.776 | D13: 40.6 | E13: 36 | F13: =IF(_xlfn.XLOOKUP(Table1[[#This Row],[CV3 - Scan Mode]],'ak_grad links'!A:A,'ak_grad links'!B:B)=0,"",_xlfn.XLOOKUP(Table1[[#This Row],[CV3 - Scan Mode]],'ak_grad links'!A:A,'ak_grad links'!B:B)) -> diff_cpir_2dCart4bs/diffcart2D_129Xe_fov350_mtx70_nexc280_kdt52_gmax29_smax98_dur14p3_co.wav | G13: =IF(_xlfn.XLOOKUP(Table1[[#This Row],[CV3 - Scan Mode]],'recon links'!A:A,'recon links'!B:B)=0,"",_xlfn.XLOOKUP(Table1[[#This Row],[CV3 - Scan Mode]],'recon links'!A:A,'recon links'!B:B)) -> /export/home/sdc/fidall/bin/recon_diffusion.py | H13: 280 | I13: 1 | J13: =IF(_xlfn.XLOOKUP(Table1[[#This Row],[CV14 - rfpulse]],'rf links'!A:A,'rf links'!E:E)=0,"",_xlfn.XLOOKUP(Table1[[#This Row],[CV14 - rfpulse]],'rf links'!A:A,'rf links'!E:E)) -> GE soft pulse | K13: 0 | L13: 36 | M13: =IF(_xlfn.XLOOKUP(Table1[[#This Row],[CV20 - vap]],'vap links'!A:A,'vap links'!K:K)=0,"",_xlfn.XLOOKUP(Table1[[#This Row],[CV20 - vap]],'vap links'!A:A,'vap links'!K:K)) -> ../waveforms/vap_rf_spoiling/vap_phase_rf_spoiling_262112.fdl | N13: 36 | O13: =IF(_xlfn.XLOOKUP(Table1[[#This Row],[cv21 - cv_pars]],'cv_pars links'!A:A,'cv_pars links'!B:B)=0,"",_xlfn.XLOOKUP(Table1[[#This Row],[cv21 - cv_pars]],'cv_pars links'!A:A,'cv_pars links'!B:B)) -> ../waveforms/diff_cpir_2dCart4bs/diff_cpir_2dCart4bs.cvs
A14: diff_cpir_30Cart4bs2d | B14: 6.2 | C14: 1.776 | D14: 60.9 | E14: 37 | F14: =IF(_xlfn.XLOOKUP(Table1[[#This Row],[CV3 - Scan Mode]],'ak_grad links'!A:A,'ak_grad links'!B:B)=0,"",_xlfn.XLOOKUP(Table1[[#This Row],[CV3 - Scan Mode]],'ak_grad links'!A:A,'ak_grad links'!B:B)) -> diff_cpir_2dCart4bs/diffcart2D_129Xe_fov300_mtx60_nexc240_kdt52_gmax29_smax98_dur13p8_co.wav | G14: =IF(_xlfn.XLOOKUP(Table1[[#This Row],[CV3 - Scan Mode]],'recon links'!A:A,'recon links'!B:B)=0,"",_xlfn.XLOOKUP(Table1[[#This Row],[CV3 - Scan Mode]],'recon links'!A:A,'recon links'!B:B)) -> /export/home/sdc/fidall/bin/recon_diffusion.py | H14: 240 | I14: 1 | J14: =IF(_xlfn.XLOOKUP(Table1[[#This Row],[CV14 - rfpulse]],'rf links'!A:A,'rf links'!E:E)=0,"",_xlfn.XLOOKUP(Table1[[#This Row],[CV14 - rfpulse]],'rf links'!A:A,'rf links'!E:E)) -> GE soft pulse | K14: 0 | L14: 37 | M14: =IF(_xlfn.XLOOKUP(Table1[[#This Row],[CV20 - vap]],'vap links'!A:A,'vap links'!K:K)=0,"",_xlfn.XLOOKUP(Table1[[#This Row],[CV20 - vap]],'vap links'!A:A,'vap links'!K:K)) -> ../waveforms/vap_rf_spoiling/vap_phase_rf_spoiling_262112.fdl | N14: 37 | O14: =IF(_xlfn.XLOOKUP(Table1[[#This Row],[cv21 - cv_pars]],'cv_pars links'!A:A,'cv_pars links'!B:B)=0,"",_xlfn.XLOOKUP(Table1[[#This Row],[cv21 - cv_pars]],'cv_pars links'!A:A,'cv_pars links'!B:B)) -> ../waveforms/diff_cpir_2dCart4bs/diff_cpir_2dCart4bs.cvs
A15: diff_cpir_25Cart4bs2d | B15: 6.8 | C15: 1.776 | D15: 81.2 | E15: 38 | F15: =IF(_xlfn.XLOOKUP(Table1[[#This Row],[CV3 - Scan Mode]],'ak_grad links'!A:A,'ak_grad links'!B:B)=0,"",_xlfn.XLOOKUP(Table1[[#This Row],[CV3 - Scan Mode]],'ak_grad links'!A:A,'ak_grad links'!B:B)) -> diff_cpir_2dCart4bs/diffcart2D_129Xe_fov250_mtx50_nexc200_kdt52_gmax29_smax98_dur13p4_co.wav | G15: =IF(_xlfn.XLOOKUP(Table1[[#This Row],[CV3 - Scan Mode]],'recon links'!A:A,'recon links'!B:B)=0,"",_xlfn.XLOOKUP(Table1[[#This Row],[CV3 - Scan Mode]],'recon links'!A:A,'recon links'!B:B)) -> /export/home/sdc/fidall/bin/recon_diffusion.py | H15: 200 | I15: 1 | J15: =IF(_xlfn.XLOOKUP(Table1[[#This Row],[CV14 - rfpulse]],'rf links'!A:A,'rf links'!E:E)=0,"",_xlfn.XLOOKUP(Table1[[#This Row],[CV14 - rfpulse]],'rf links'!A:A,'rf links'!E:E)) -> GE soft pulse | K15: 0 | L15: 38 | M15: =IF(_xlfn.XLOOKUP(Table1[[#This Row],[CV20 - vap]],'vap links'!A:A,'vap links'!K:K)=0,"",_xlfn.XLOOKUP(Table1[[#This Row],[CV20 - vap]],'vap links'!A:A,'vap links'!K:K)) -> ../waveforms/vap_rf_spoiling/vap_phase_rf_spoiling_262112.fdl | N15: 38 | O15: =IF(_xlfn.XLOOKUP(Table1[[#This Row],[cv21 - cv_pars]],'cv_pars links'!A:A,'cv_pars links'!B:B)=0,"",_xlfn.XLOOKUP(Table1[[#This Row],[cv21 - cv_pars]],'cv_pars links'!A:A,'cv_pars links'!B:B)) -> ../waveforms/diff_cpir_2dCart4bs/diff_cpir_2dCart4bs.cvs
A16: diff_cpir_20Cart4bs2d | B16: 7.4 | C16: 1.776 | D16: 93.2 | E16: 39 | F16: =IF(_xlfn.XLOOKUP(Table1[[#This Row],[CV3 - Scan Mode]],'ak_grad links'!A:A,'ak_grad links'!B:B)=0,"",_xlfn.XLOOKUP(Table1[[#This Row],[CV3 - Scan Mode]],'ak_grad links'!A:A,'ak_grad links'!B:B)) -> diff_cpir_2dCart4bs/diffcart2D_129Xe_fov200_mtx40_nexc160_kdt52_gmax29_smax98_dur12p9_co.wav | G16: =IF(_xlfn.XLOOKUP(Table1[[#This Row],[CV3 - Scan Mode]],'recon links'!A:A,'recon links'!B:B)=0,"",_xlfn.XLOOKUP(Table1[[#This Row],[CV3 - Scan Mode]],'recon links'!A:A,'recon links'!B:B)) -> /export/home/sdc/fidall/bin/recon_diffusion.py | H16: 160 | I16: 1 | J16: =IF(_xlfn.XLOOKUP(Table1[[#This Row],[CV14 - rfpulse]],'rf links'!A:A,'rf links'!E:E)=0,"",_xlfn.XLOOKUP(Table1[[#This Row],[CV14 - rfpulse]],'rf links'!A:A,'rf links'!E:E)) -> GE soft pulse | K16: 0 | L16: 39 | M16: =IF(_xlfn.XLOOKUP(Table1[[#This Row],[CV20 - vap]],'vap links'!A:A,'vap links'!K:K)=0,"",_xlfn.XLOOKUP(Table1[[#This Row],[CV20 - vap]],'vap links'!A:A,'vap links'!K:K)) -> ../waveforms/vap_rf_spoiling/vap_phase_rf_spoiling_262112.fdl | N16: 39 | O16: =IF(_xlfn.XLOOKUP(Table1[[#This Row],[cv21 - cv_pars]],'cv_pars links'!A:A,'cv_pars links'!B:B)=0,"",_xlfn.XLOOKUP(Table1[[#This Row],[cv21 - cv_pars]],'cv_pars links'!A:A,'cv_pars links'!B:B)) -> ../waveforms/diff_cpir_2dCart4bs/diff_cpir_2dCart4bs.cvs
A17: gx_cpir_1ptDixon | B17: 20 | C17: 0.383 | D17: 7.5 | E17: 40 | F17: =IF(_xlfn.XLOOKUP(Table1[[#This Row],[CV3 - Scan Mode]],'ak_grad links'!A:A,'ak_grad links'!B:B)=0,"",_xlfn.XLOOKUP(Table1[[#This Row],[CV3 - Scan Mode]],'ak_grad links'!A:A,'ak_grad links'!B:B)) -> gx_cpir_1ptDixon/interleaved_radial3D_129xe_fov325_mtx56_intlv2002_kdt18_gmax37_smax144_dur1p6_coca_rew2_1p25_GA5.wav | G17: =IF(_xlfn.XLOOKUP(Table1[[#This Row],[CV3 - Scan Mode]],'recon links'!A:A,'recon links'!B:B)=0,"",_xlfn.XLOOKUP(Table1[[#This Row],[CV3 - Scan Mode]],'recon links'!A:A,'recon links'!B:B)) -> /export/home/sdc/fidall/bin/recon_grid3d_gx.py | H17: 2002 | I17: 40 | J17: =IF(_xlfn.XLOOKUP(Table1[[#This Row],[CV14 - rfpulse]],'rf links'!A:A,'rf links'!E:E)=0,"",_xlfn.XLOOKUP(Table1[[#This Row],[CV14 - rfpulse]],'rf links'!A:A,'rf links'!E:E)) -> rffiles/129Xe_freq_5000hz_600us_3tbw.rho | K17: 0 | L17: 40 | M17: =IF(_xlfn.XLOOKUP(Table1[[#This Row],[CV20 - vap]],'vap links'!A:A,'vap links'!K:K)=0,"",_xlfn.XLOOKUP(Table1[[#This Row],[CV20 - vap]],'vap links'!A:A,'vap links'!K:K)) -> ../waveforms/gx_cpir_1ptDixon/interleaved_radial3D_129xe_fov325_mtx56_intlv2002_kdt18_gmax37_smax144_dur1p6_coca_rew2_1p25_GA5_flip.fdl ../waveforms/gx_cpir_1ptDixon/interleaved_radial3D_129xe_fov325_mtx56_intlv2002_kdt18_gmax37_smax144_dur1p6_coca_rew2_1p25_GA5_freq.fdl ../waveforms/gx_cpir_1ptDixon/vap_phase_rf_spoiling_262112.fdl | N17: 40 | O17: =IF(_xlfn.XLOOKUP(Table1[[#This Row],[cv21 - cv_pars]],'cv_pars links'!A:A,'cv_pars links'!B:B)=0,"",_xlfn.XLOOKUP(Table1[[#This Row],[cv21 - cv_pars]],'cv_pars links'!A:A,'cv_pars links'!B:B)) -> ../waveforms/gx_cpir_1ptDixon/gx_cpir_1ptDixon.cvs | P17: try again in vivo, confirm same prescription as proton to confirm accuarate shifts
A18: anatgx_cpir_1ptDixon | B18: 10 | C18: 0.455 | D18: 2.8 | E18: 41 | F18: =IF(_xlfn.XLOOKUP(Table1[[#This Row],[CV3 - Scan Mode]],'ak_grad links'!A:A,'ak_grad links'!B:B)=0,"",_xlfn.XLOOKUP(Table1[[#This Row],[CV3 - Scan Mode]],'ak_grad links'!A:A,'ak_grad links'!B:B)) -> gx_cpir_1ptDixon/radial3D_1h_fov325_mtx56_intlv5000_kdt18_gmax19_smax141_dur1p4_coca_rew2_1p25_GA5.wav | G18: =IF(_xlfn.XLOOKUP(Table1[[#This Row],[CV3 - Scan Mode]],'recon links'!A:A,'recon links'!B:B)=0,"",_xlfn.XLOOKUP(Table1[[#This Row],[CV3 - Scan Mode]],'recon links'!A:A,'recon links'!B:B)) -> /export/home/sdc/fidall/bin/recon_grid_interp.py | H18: 5000 | I18: 0 | J18: =IF(_xlfn.XLOOKUP(Table1[[#This Row],[CV14 - rfpulse]],'rf links'!A:A,'rf links'!E:E)=0,"",_xlfn.XLOOKUP(Table1[[#This Row],[CV14 - rfpulse]],'rf links'!A:A,'rf links'!E:E)) -> GE hard pulse | K18: 0 | L18: 41 | M18: =IF(_xlfn.XLOOKUP(Table1[[#This Row],[CV20 - vap]],'vap links'!A:A,'vap links'!K:K)=0,"",_xlfn.XLOOKUP(Table1[[#This Row],[CV20 - vap]],'vap links'!A:A,'vap links'!K:K)) -> ../waveforms/gx_cpir_1ptDixon/vap_phase_rf_spoiling_262112.fdl ../waveforms/gx_cpir_1ptDixon/radial3D_1h_fov325_mtx56_intlv5000_kdt18_gmax19_smax141_dur1p4_coca_rew2_1p25_GA5_phi.fdl ../waveforms/gx_cpir_1ptDixon/radial3D_1h_fov325_mtx56_intlv5000_kdt18_gmax19_smax141_dur1p4_coca_rew2_1p25_GA5_theta.fdl | N18: 41 | O18: =IF(_xlfn.XLOOKUP(Table1[[#This Row],[cv21 - cv_pars]],'cv_pars links'!A:A,'cv_pars links'!B:B)=0,"",_xlfn.XLOOKUP(Table1[[#This Row],[cv21 - cv_pars]],'cv_pars links'!A:A,'cv_pars links'!B:B)) -> ../waveforms/gx_cpir_1ptDixon/anatgx_cpir_1ptDixon.cvs
A19: vent_cpir_floret | B19: 3.9 | C19: 0.333 | D19: 19 | E19: 42 | F19: =IF(_xlfn.XLOOKUP(Table1[[#This Row],[CV3 - Scan Mode]],'ak_grad links'!A:A,'ak_grad links'!B:B)=0,"",_xlfn.XLOOKUP(Table1[[#This Row],[CV3 - Scan Mode]],'ak_grad links'!A:A,'ak_grad links'!B:B)) -> vent_cpir_floret/floret_x005F_xe129_fov375_mtx97_arms7p1_hub3_0p4_intlv1312_bonus10_kdt8_gmax21_smax139_dur7p7_M21.wav | G19: =IF(_xlfn.XLOOKUP(Table1[[#This Row],[CV3 - Scan Mode]],'recon links'!A:A,'recon links'!B:B)=0,"",_xlfn.XLOOKUP(Table1[[#This Row],[CV3 - Scan Mode]],'recon links'!A:A,'recon links'!B:B)) -> /export/home/sdc/fidall/bin/recon_grid_interp.py | H19: 928 | I19: 0 | J19: =IF(_xlfn.XLOOKUP(Table1[[#This Row],[CV14 - rfpulse]],'rf links'!A:A,'rf links'!E:E)=0,"",_xlfn.XLOOKUP(Table1[[#This Row],[CV14 - rfpulse]],'rf links'!A:A,'rf links'!E:E)) -> GE hard pulse | K19: 0 | L19: 42 | M19: =IF(_xlfn.XLOOKUP(Table1[[#This Row],[CV20 - vap]],'vap links'!A:A,'vap links'!K:K)=0,"",_xlfn.XLOOKUP(Table1[[#This Row],[CV20 - vap]],'vap links'!A:A,'vap links'!K:K)) -> ../waveforms/vent_cpir_floret/vap_phase_rf_spoiling_262112.fdl | N19: 42 | O19: =IF(_xlfn.XLOOKUP(Table1[[#This Row],[cv21 - cv_pars]],'cv_pars links'!A:A,'cv_pars links'!B:B)=0,"",_xlfn.XLOOKUP(Table1[[#This Row],[cv21 - cv_pars]],'cv_pars links'!A:A,'cv_pars links'!B:B)) -> ../waveforms/vent_cpir_floret/vent_cpir_floret.cvs | P19: lower SNR?
A20: anatvent_cpir_floret | B20: 5 | C20: 0.333 | D20: 2.9 | E20: 43 | F20: =IF(_xlfn.XLOOKUP(Table1[[#This Row],[CV3 - Scan Mode]],'ak_grad links'!A:A,'ak_grad links'!B:B)=0,"",_xlfn.XLOOKUP(Table1[[#This Row],[CV3 - Scan Mode]],'ak_grad links'!A:A,'ak_grad links'!B:B)) -> vent_cpir_floret/floret_h1_fov375_mtx97_arms12p6_hub3_0p4_intlv2304_bonus0_kdt2_gmax21_smax148_dur1p6_M8.wav | G20: =IF(_xlfn.XLOOKUP(Table1[[#This Row],[CV3 - Scan Mode]],'recon links'!A:A,'recon links'!B:B)=0,"",_xlfn.XLOOKUP(Table1[[#This Row],[CV3 - Scan Mode]],'recon links'!A:A,'recon links'!B:B)) -> /export/home/sdc/fidall/bin/recon_grid_interp.py | H20: 2304 | I20: 0 | J20: =IF(_xlfn.XLOOKUP(Table1[[#This Row],[CV14 - rfpulse]],'rf links'!A:A,'rf links'!E:E)=0,"",_xlfn.XLOOKUP(Table1[[#This Row],[CV14 - rfpulse]],'rf links'!A:A,'rf links'!E:E)) -> GE hard pulse | K20: 0 | L20: 43 | M20: =IF(_xlfn.XLOOKUP(Table1[[#This Row],[CV20 - vap]],'vap links'!A:A,'vap links'!K:K)=0,"",_xlfn.XLOOKUP(Table1[[#This Row],[CV20 - vap]],'vap links'!A:A,'vap links'!K:K)) -> ../waveforms/vent_cpir_floret/vap_phase_rf_spoiling_262112.fdl | N20: 43 | O20: =IF(_xlfn.XLOOKUP(Table1[[#This Row],[cv21 - cv_pars]],'cv_pars links'!A:A,'cv_pars links'!B:B)=0,"",_xlfn.XLOOKUP(Table1[[#This Row],[cv21 - cv_pars]],'cv_pars links'!A:A,'cv_pars links'!B:B)) -> ../waveforms/vent_cpir_floret/vent_cpir_floret.cvs
A21: Xenon_Calibration | B21: 20 | C21: 0.383 | D21: 15 | E21: 52 | F21: =IF(_xlfn.XLOOKUP(Table1[[#This Row],[CV3 - Scan Mode]],'ak_grad links'!A:A,'ak_grad links'!B:B)=0,"",_xlfn.XLOOKUP(Table1[[#This Row],[CV3 - Scan Mode]],'ak_grad links'!A:A,'ak_grad links'!B:B)) | G21: =IF(_xlfn.XLOOKUP(Table1[[#This Row],[CV3 - Scan Mode]],'recon links'!A:A,'recon links'!B:B)=0,"",_xlfn.XLOOKUP(Table1[[#This Row],[CV3 - Scan Mode]],'recon links'!A:A,'recon links'!B:B)) -> /export/home/sdc/fidall/bin/recon_calibration_cchmc.py | H21: 520 | I21: 52 | J21: =IF(_xlfn.XLOOKUP(Table1[[#This Row],[CV14 - rfpulse]],'rf links'!A:A,'rf links'!E:E)=0,"",_xlfn.XLOOKUP(Table1[[#This Row],[CV14 - rfpulse]],'rf links'!A:A,'rf links'!E:E)) -> rffiles/129Xe_freq_5000hz_600us_3tbw.rho | K21: 0 | L21: 52 | M21: =IF(_xlfn.XLOOKUP(Table1[[#This Row],[CV20 - vap]],'vap links'!A:A,'vap links'!K:K)=0,"",_xlfn.XLOOKUP(Table1[[#This Row],[CV20 - vap]],'vap links'!A:A,'vap links'!K:K)) -> ../waveforms/cal/cal_xectc_nexc520_ndiss500_dfreq218_freq.fdl ../waveforms/cal/vap_phase_rf_spoiling_262112.fdl | N21: 52 | O21: =IF(_xlfn.XLOOKUP(Table1[[#This Row],[cv21 - cv_pars]],'cv_pars links'!A:A,'cv_pars links'!B:B)=0,"",_xlfn.XLOOKUP(Table1[[#This Row],[cv21 - cv_pars]],'cv_pars links'!A:A,'cv_pars links'!B:B)) -> ../waveforms/cal/cal_xxx.cvs | P21: validate in vivo
A22: Xenon_3D_Radial_Dixon | B22: 15 | C22: 0.383 | D22: 4.2 | E22: 53 | F22: =IF(_xlfn.XLOOKUP(Table1[[#This Row],[CV3 - Scan Mode]],'ak_grad links'!A:A,'ak_grad links'!B:B)=0,"",_xlfn.XLOOKUP(Table1[[#This Row],[CV3 - Scan Mode]],'ak_grad links'!A:A,'ak_grad links'!B:B)) -> Xenon_3D_Radial_Dixon/interleaved_radial3D_129xe_fov400_mtx64_intlv2402_kdt10_gmax31_smax106_dur1p2_coca_rew2_1p25_HAL.wav | G22: =IF(_xlfn.XLOOKUP(Table1[[#This Row],[CV3 - Scan Mode]],'recon links'!A:A,'recon links'!B:B)=0,"",_xlfn.XLOOKUP(Table1[[#This Row],[CV3 - Scan Mode]],'recon links'!A:A,'recon links'!B:B)) -> /export/home/sdc/fidall/bin/recon_grid3d_gx.py | H22: 2396 | I22: 53 | J22: =IF(_xlfn.XLOOKUP(Table1[[#This Row],[CV14 - rfpulse]],'rf links'!A:A,'rf links'!E:E)=0,"",_xlfn.XLOOKUP(Table1[[#This Row],[CV14 - rfpulse]],'rf links'!A:A,'rf links'!E:E)) -> rffiles/129Xe_freq_5000hz_600us_3tbw.rho | K22: 0 | L22: 53 | M22: =IF(_xlfn.XLOOKUP(Table1[[#This Row],[CV20 - vap]],'vap links'!A:A,'vap links'!K:K)=0,"",_xlfn.XLOOKUP(Table1[[#This Row],[CV20 - vap]],'vap links'!A:A,'vap links'!K:K)) -> ../waveforms/Xenon_3D_Radial_Dixon/interleaved_radial3D_129xe_fov400_mtx64_intlv2402_kdt10_gmax31_smax106_dur1p2_coca_rew2_1p25_HAL_flip.fdl ../waveforms/Xenon_3D_Radial_Dixon/interleaved_radial3D_129xe_fov400_mtx64_intlv2402_kdt10_gmax31_smax106_dur1p2_coca_rew2_1p25_HAL_freq.fdl ../waveforms/Xenon_3D_Radial_Dixon/vap_phase_rf_spoiling_262112.fdl | N22: 53 | O22: =IF(_xlfn.XLOOKUP(Table1[[#This Row],[cv21 - cv_pars]],'cv_pars links'!A:A,'cv_pars links'!B:B)=0,"",_xlfn.XLOOKUP(Table1[[#This Row],[cv21 - cv_pars]],'cv_pars links'!A:A,'cv_pars links'!B:B)) -> ../waveforms/Xenon_3D_Radial_Dixon/Xenon_3D_Radial_Dixon.cvs | P22: validate in vivo
A23: gx_cpir_40MRSI | B23: 16.3 | C23: 0.387 | D23: 10 | E23: 55 | F23: =IF(_xlfn.XLOOKUP(Table1[[#This Row],[CV3 - Scan Mode]],'ak_grad links'!A:A,'ak_grad links'!B:B)=0,"",_xlfn.XLOOKUP(Table1[[#This Row],[CV3 - Scan Mode]],'ak_grad links'!A:A,'ak_grad links'!B:B)) -> gx_cpir_MRSI/mrsi3D_129Xe_scheme4_3_fov400_400_320_mtx40_40_32_bw20000_npts88_nexc1437_gmax30_smax144_ncok50_10.wav | G23: =IF(_xlfn.XLOOKUP(Table1[[#This Row],[CV3 - Scan Mode]],'recon links'!A:A,'recon links'!B:B)=0,"",_xlfn.XLOOKUP(Table1[[#This Row],[CV3 - Scan Mode]],'recon links'!A:A,'recon links'!B:B)) -> /export/home/sdc/fidall/bin/recon_mrsi_xenon.py | H23: 1928 | I23: 55 | J23: =IF(_xlfn.XLOOKUP(Table1[[#This Row],[CV14 - rfpulse]],'rf links'!A:A,'rf links'!E:E)=0,"",_xlfn.XLOOKUP(Table1[[#This Row],[CV14 - rfpulse]],'rf links'!A:A,'rf links'!E:E)) -> rffiles/129Xe_freq_5000hz_600us_3tbw.rho | K23: 0 | L23: 55 | M23: =IF(_xlfn.XLOOKUP(Table1[[#This Row],[CV20 - vap]],'vap links'!A:A,'vap links'!K:K)=0,"",_xlfn.XLOOKUP(Table1[[#This Row],[CV20 - vap]],'vap links'!A:A,'vap links'!K:K)) -> ../waveforms/gx_cpir_MRSI/vap_flip_gx_16p293deg_tr10_10sat.fdl ../waveforms/gx_cpir_MRSI/vap_phase_rf_spoiling_262112.fdl | N23: 55 | O23: =IF(_xlfn.XLOOKUP(Table1[[#This Row],[cv21 - cv_pars]],'cv_pars links'!A:A,'cv_pars links'!B:B)=0,"",_xlfn.XLOOKUP(Table1[[#This Row],[cv21 - cv_pars]],'cv_pars links'!A:A,'cv_pars links'!B:B)) -> ../waveforms/gx_cpir_MRSI/gx_cpir_mrsi.cvs | P23: improve quality
A24: gx_cpir_35MRSI | B24: 16.3 | C24: 0.387 | D24: 10 | E24: 56 | F24: =IF(_xlfn.XLOOKUP(Table1[[#This Row],[CV3 - Scan Mode]],'ak_grad links'!A:A,'ak_grad links'!B:B)=0,"",_xlfn.XLOOKUP(Table1[[#This Row],[CV3 - Scan Mode]],'ak_grad links'!A:A,'ak_grad links'!B:B)) -> gx_cpir_MRSI/mrsi3D_129Xe_scheme4_3_fov350_350_280_mtx35_35_28_bw20000_npts88_nexc1264_gmax30_smax142_ncok50_10.wav | G24: =IF(_xlfn.XLOOKUP(Table1[[#This Row],[CV3 - Scan Mode]],'recon links'!A:A,'recon links'!B:B)=0,"",_xlfn.XLOOKUP(Table1[[#This Row],[CV3 - Scan Mode]],'recon links'!A:A,'recon links'!B:B)) -> /export/home/sdc/fidall/bin/recon_mrsi_xenon.py | H24: 1357 | I24: 56 | J24: =IF(_xlfn.XLOOKUP(Table1[[#This Row],[CV14 - rfpulse]],'rf links'!A:A,'rf links'!E:E)=0,"",_xlfn.XLOOKUP(Table1[[#This Row],[CV14 - rfpulse]],'rf links'!A:A,'rf links'!E:E)) -> rffiles/129Xe_freq_5000hz_600us_3tbw.rho | K24: 0 | L24: 56 | M24: =IF(_xlfn.XLOOKUP(Table1[[#This Row],[CV20 - vap]],'vap links'!A:A,'vap links'!K:K)=0,"",_xlfn.XLOOKUP(Table1[[#This Row],[CV20 - vap]],'vap links'!A:A,'vap links'!K:K)) -> ../waveforms/gx_cpir_MRSI/vap_flip_gx_16p293deg_tr10_10sat.fdl ../waveforms/gx_cpir_MRSI/vap_phase_rf_spoiling_262112.fdl | N24: 56 | O24: =IF(_xlfn.XLOOKUP(Table1[[#This Row],[cv21 - cv_pars]],'cv_pars links'!A:A,'cv_pars links'!B:B)=0,"",_xlfn.XLOOKUP(Table1[[#This Row],[cv21 - cv_pars]],'cv_pars links'!A:A,'cv_pars links'!B:B)) -> ../waveforms/gx_cpir_MRSI/gx_cpir_mrsi.cvs | P24: improve quality
A25: gx_cpir_30MRSI | B25: 16.3 | C25: 0.387 | D25: 10 | E25: 57 | F25: =IF(_xlfn.XLOOKUP(Table1[[#This Row],[CV3 - Scan Mode]],'ak_grad links'!A:A,'ak_grad links'!B:B)=0,"",_xlfn.XLOOKUP(Table1[[#This Row],[CV3 - Scan Mode]],'ak_grad links'!A:A,'ak_grad links'!B:B)) -> gx_cpir_MRSI/mrsi3D_129Xe_scheme4_3_fov300_300_240_mtx30_30_24_bw20000_npts88_nexc1047_gmax29_smax140_ncok50_10.wav | G25: =IF(_xlfn.XLOOKUP(Table1[[#This Row],[CV3 - Scan Mode]],'recon links'!A:A,'recon links'!B:B)=0,"",_xlfn.XLOOKUP(Table1[[#This Row],[CV3 - Scan Mode]],'recon links'!A:A,'recon links'!B:B)) -> /export/home/sdc/fidall/bin/recon_mrsi_xenon.py | H25: 907 | I25: 57 | J25: =IF(_xlfn.XLOOKUP(Table1[[#This Row],[CV14 - rfpulse]],'rf links'!A:A,'rf links'!E:E)=0,"",_xlfn.XLOOKUP(Table1[[#This Row],[CV14 - rfpulse]],'rf links'!A:A,'rf links'!E:E)) -> rffiles/129Xe_freq_5000hz_600us_3tbw.rho | K25: 0 | L25: 57 | M25: =IF(_xlfn.XLOOKUP(Table1[[#This Row],[CV20 - vap]],'vap links'!A:A,'vap links'!K:K)=0,"",_xlfn.XLOOKUP(Table1[[#This Row],[CV20 - vap]],'vap links'!A:A,'vap links'!K:K)) -> ../waveforms/gx_cpir_MRSI/vap_flip_gx_16p293deg_tr10_10sat.fdl ../waveforms/gx_cpir_MRSI/vap_phase_rf_spoiling_262112.fdl | N25: 57 | O25: =IF(_xlfn.XLOOKUP(Table1[[#This Row],[cv21 - cv_pars]],'cv_pars links'!A:A,'cv_pars links'!B:B)=0,"",_xlfn.XLOOKUP(Table1[[#This Row],[cv21 - cv_pars]],'cv_pars links'!A:A,'cv_pars links'!B:B)) -> ../waveforms/gx_cpir_MRSI/gx_cpir_mrsi.cvs | P25: improve quality
A26: gx_cpir_25MRSI | B26: 16.3 | C26: 0.387 | D26: 10 | E26: 58 | F26: =IF(_xlfn.XLOOKUP(Table1[[#This Row],[CV3 - Scan Mode]],'ak_grad links'!A:A,'ak_grad links'!B:B)=0,"",_xlfn.XLOOKUP(Table1[[#This Row],[CV3 - Scan Mode]],'ak_grad links'!A:A,'ak_grad links'!B:B)) -> gx_cpir_MRSI/mrsi3D_129Xe_scheme4_3_fov250_250_200_mtx25_25_20_bw20000_npts88_nexc835_gmax30_smax140_ncok50_10.wav | G26: =IF(_xlfn.XLOOKUP(Table1[[#This Row],[CV3 - Scan Mode]],'recon links'!A:A,'recon links'!B:B)=0,"",_xlfn.XLOOKUP(Table1[[#This Row],[CV3 - Scan Mode]],'recon links'!A:A,'recon links'!B:B)) -> /export/home/sdc/fidall/bin/recon_mrsi_xenon.py | H26: 578 | I26: 58 | J26: =IF(_xlfn.XLOOKUP(Table1[[#This Row],[CV14 - rfpulse]],'rf links'!A:A,'rf links'!E:E)=0,"",_xlfn.XLOOKUP(Table1[[#This Row],[CV14 - rfpulse]],'rf links'!A:A,'rf links'!E:E)) -> rffiles/129Xe_freq_5000hz_600us_3tbw.rho | K26: 0 | L26: 58 | M26: =IF(_xlfn.XLOOKUP(Table1[[#This Row],[CV20 - vap]],'vap links'!A:A,'vap links'!K:K)=0,"",_xlfn.XLOOKUP(Table1[[#This Row],[CV20 - vap]],'vap links'!A:A,'vap links'!K:K)) -> ../waveforms/gx_cpir_MRSI/vap_flip_gx_16p293deg_tr10_10sat.fdl ../waveforms/gx_cpir_MRSI/vap_phase_rf_spoiling_262112.fdl | N26: 58 | O26: =IF(_xlfn.XLOOKUP(Table1[[#This Row],[cv21 - cv_pars]],'cv_pars links'!A:A,'cv_pars links'!B:B)=0,"",_xlfn.XLOOKUP(Table1[[#This Row],[cv21 - cv_pars]],'cv_pars links'!A:A,'cv_pars links'!B:B)) -> ../waveforms/gx_cpir_MRSI/gx_cpir_mrsi.cvs | P26: improve quality
A27: gx_XeCTC_1ptDixon | B27: 20 | C27: 0.383 | D27: 7.5 | E27: 66 | F27: =IF(_xlfn.XLOOKUP(Table1[[#This Row],[CV3 - Scan Mode]],'ak_grad links'!A:A,'ak_grad links'!B:B)=0,"",_xlfn.XLOOKUP(Table1[[#This Row],[CV3 - Scan Mode]],'ak_grad links'!A:A,'ak_grad links'!B:B)) -> gx_XeCTC_1ptDixon/interleaved_radial3D_129xe_fov400_mtx64_intlv2002_kdt10_gmax31_smax106_dur1p2_coca_rew2_1p25_HAL.wav | G27: =IF(_xlfn.XLOOKUP(Table1[[#This Row],[CV3 - Scan Mode]],'recon links'!A:A,'recon links'!B:B)=0,"",_xlfn.XLOOKUP(Table1[[#This Row],[CV3 - Scan Mode]],'recon links'!A:A,'recon links'!B:B)) -> /export/home/sdc/fidall/bin/recon_grid3d_gx.py | H27: 2002 | I27: 66 | J27: =IF(_xlfn.XLOOKUP(Table1[[#This Row],[CV14 - rfpulse]],'rf links'!A:A,'rf links'!E:E)=0,"",_xlfn.XLOOKUP(Table1[[#This Row],[CV14 - rfpulse]],'rf links'!A:A,'rf links'!E:E)) -> rffiles/129Xe_freq_5000hz_600us_3tbw.rho | K27: 0 | L27: 66 | M27: =IF(_xlfn.XLOOKUP(Table1[[#This Row],[CV20 - vap]],'vap links'!A:A,'vap links'!K:K)=0,"",_xlfn.XLOOKUP(Table1[[#This Row],[CV20 - vap]],'vap links'!A:A,'vap links'!K:K)) -> ../waveforms/gx_XeCTC_1ptDixon/interleaved_radial3D_129xe_fov400_mtx64_intlv2002_kdt10_gmax31_smax106_dur1p2_coca_rew2_1p25_HAL_flip.fdl ../waveforms/gx_XeCTC_1ptDixon/interleaved_radial3D_129xe_fov400_mtx64_intlv2002_kdt10_gmax31_smax106_dur1p2_coca_rew2_1p25_HAL_freq.fdl ../waveforms/gx_XeCTC_1ptDixon/vap_phase_rf_spoiling_262112.fdl | N27: 66 | O27: =IF(_xlfn.XLOOKUP(Table1[[#This Row],[cv21 - cv_pars]],'cv_pars links'!A:A,'cv_pars links'!B:B)=0,"",_xlfn.XLOOKUP(Table1[[#This Row],[cv21 - cv_pars]],'cv_pars links'!A:A,'cv_pars links'!B:B)) -> ../waveforms/gx_XeCTC_1ptDixon/gx_xectc_1ptDixon.cvs | P27: validate in vivo
A28: anatgx_XeCTC_1ptDixon | B28: 10 | C28: 0.455 | D28: 3.4 | E28: 67 | F28: =IF(_xlfn.XLOOKUP(Table1[[#This Row],[CV3 - Scan Mode]],'ak_grad links'!A:A,'ak_grad links'!B:B)=0,"",_xlfn.XLOOKUP(Table1[[#This Row],[CV3 - Scan Mode]],'ak_grad links'!A:A,'ak_grad links'!B:B)) -> gx_XeCTC_1ptDixon/radial3D_1h_fov400_mtx64_intlv4600_kdt18_gmax6_smax17_dur2_coca_rew2_1p25_HAL.wav | G28: =IF(_xlfn.XLOOKUP(Table1[[#This Row],[CV3 - Scan Mode]],'recon links'!A:A,'recon links'!B:B)=0,"",_xlfn.XLOOKUP(Table1[[#This Row],[CV3 - Scan Mode]],'recon links'!A:A,'recon links'!B:B)) -> /export/home/sdc/fidall/bin/recon_grid_interp.py | H28: 4600 | I28: 0 | J28: =IF(_xlfn.XLOOKUP(Table1[[#This Row],[CV14 - rfpulse]],'rf links'!A:A,'rf links'!E:E)=0,"",_xlfn.XLOOKUP(Table1[[#This Row],[CV14 - rfpulse]],'rf links'!A:A,'rf links'!E:E)) -> GE hard pulse | K28: 0 | L28: 67 | M28: =IF(_xlfn.XLOOKUP(Table1[[#This Row],[CV20 - vap]],'vap links'!A:A,'vap links'!K:K)=0,"",_xlfn.XLOOKUP(Table1[[#This Row],[CV20 - vap]],'vap links'!A:A,'vap links'!K:K)) -> ../waveforms/gx_XeCTC_1ptDixon/vap_phase_rf_spoiling_262112.fdl ../waveforms/gx_XeCTC_1ptDixon/radial3D_1h_fov400_mtx64_intlv4600_kdt18_gmax6_smax17_dur2_coca_rew2_1p25_HAL_phi.fdl ../waveforms/gx_XeCTC_1ptDixon/radial3D_1h_fov400_mtx64_intlv4600_kdt18_gmax6_smax17_dur2_coca_rew2_1p25_HAL_theta.fdl | N28: 67 | O28: =IF(_xlfn.XLOOKUP(Table1[[#This Row],[cv21 - cv_pars]],'cv_pars links'!A:A,'cv_pars links'!B:B)=0,"",_xlfn.XLOOKUP(Table1[[#This Row],[cv21 - cv_pars]],'cv_pars links'!A:A,'cv_pars links'!B:B)) -> ../waveforms/gx_XeCTC_1ptDixon/anatgx_XeCTC_1ptDixon.cvs
A29: qa_cpir_nutation | B29: 180 | C29: 0 | D29: 2500 | E29: 68 | F29: =IF(_xlfn.XLOOKUP(Table1[[#This Row],[CV3 - Scan Mode]],'ak_grad links'!A:A,'ak_grad links'!B:B)=0,"",_xlfn.XLOOKUP(Table1[[#This Row],[CV3 - Scan Mode]],'ak_grad links'!A:A,'ak_grad links'!B:B)) | G29: =IF(_xlfn.XLOOKUP(Table1[[#This Row],[CV3 - Scan Mode]],'recon links'!A:A,'recon links'!B:B)=0,"",_xlfn.XLOOKUP(Table1[[#This Row],[CV3 - Scan Mode]],'recon links'!A:A,'recon links'!B:B)) -> /export/home/sdc/fidall/bin/recon_nutation.py | H29: 18 | I29: 7 | J29: =IF(_xlfn.XLOOKUP(Table1[[#This Row],[CV14 - rfpulse]],'rf links'!A:A,'rf links'!E:E)=0,"",_xlfn.XLOOKUP(Table1[[#This Row],[CV14 - rfpulse]],'rf links'!A:A,'rf links'!E:E)) | K29: 0 | L29: 68 | M29: =IF(_xlfn.XLOOKUP(Table1[[#This Row],[CV20 - vap]],'vap links'!A:A,'vap links'!K:K)=0,"",_xlfn.XLOOKUP(Table1[[#This Row],[CV20 - vap]],'vap links'!A:A,'vap links'!K:K)) -> ../waveforms/qa_cpir_nutation/qa_cpir_nutation_nexc18_start10_end180_flip.fdl | N29: 68 | O29: =IF(_xlfn.XLOOKUP(Table1[[#This Row],[cv21 - cv_pars]],'cv_pars links'!A:A,'cv_pars links'!B:B)=0,"",_xlfn.XLOOKUP(Table1[[#This Row],[cv21 - cv_pars]],'cv_pars links'!A:A,'cv_pars links'!B:B)) -> ../waveforms/qa_cpir_nutation/qa_cpir_nutation.cvs
A30: vent_cpir_40SpiralVD2d | B30: 20.2 | C30: 2.048 | D30: 188.2 | E30: 70 | F30: =IF(_xlfn.XLOOKUP(Table1[[#This Row],[CV3 - Scan Mode]],'ak_grad links'!A:A,'ak_grad links'!B:B)=0,"",_xlfn.XLOOKUP(Table1[[#This Row],[CV3 - Scan Mode]],'ak_grad links'!A:A,'ak_grad links'!B:B)) -> vent_cpir_2dSpiralVD/spiralbni_129xe_fov400_mtx134_nexc26_bonus2_vd2start0p5stop1r2_kdt4_gmax41_smax119_dur6p9_M4.wav | G30: =IF(_xlfn.XLOOKUP(Table1[[#This Row],[CV3 - Scan Mode]],'recon links'!A:A,'recon links'!B:B)=0,"",_xlfn.XLOOKUP(Table1[[#This Row],[CV3 - Scan Mode]],'recon links'!A:A,'recon links'!B:B)) -> /export/home/sdc/fidall/bin/recon_grid_interp.py | H30: 26 | I30: 1 | J30: =IF(_xlfn.XLOOKUP(Table1[[#This Row],[CV14 - rfpulse]],'rf links'!A:A,'rf links'!E:E)=0,"",_xlfn.XLOOKUP(Table1[[#This Row],[CV14 - rfpulse]],'rf links'!A:A,'rf links'!E:E)) -> GE soft pulse | K30: 0 | L30: 70 | M30: =IF(_xlfn.XLOOKUP(Table1[[#This Row],[CV20 - vap]],'vap links'!A:A,'vap links'!K:K)=0,"",_xlfn.XLOOKUP(Table1[[#This Row],[CV20 - vap]],'vap links'!A:A,'vap links'!K:K)) -> ../waveforms/vent_cpir_2dSpiralVD/vap_phase_rf_spoiling_262112.fdl | N30: 70 | O30: =IF(_xlfn.XLOOKUP(Table1[[#This Row],[cv21 - cv_pars]],'cv_pars links'!A:A,'cv_pars links'!B:B)=0,"",_xlfn.XLOOKUP(Table1[[#This Row],[cv21 - cv_pars]],'cv_pars links'!A:A,'cv_pars links'!B:B)) -> ../waveforms/vent_cpir_2dSpiralVD/vent_cpir_2dSpiralVD.cvs
A31: vent_cpir_35SpiralVD2d | B31: 20.2 | C31: 2.048 | D31: 191.7 | E31: 71 | F31: =IF(_xlfn.XLOOKUP(Table1[[#This Row],[CV3 - Scan Mode]],'ak_grad links'!A:A,'ak_grad links'!B:B)=0,"",_xlfn.XLOOKUP(Table1[[#This Row],[CV3 - Scan Mode]],'ak_grad links'!A:A,'ak_grad links'!B:B)) -> vent_cpir_2dSpiralVD/spiralbni_129xe_fov350_mtx117_nexc22_bonus2_vd2start0p5stop1r2_kdt4_gmax41_smax119_dur7p2_M4.wav | G31: =IF(_xlfn.XLOOKUP(Table1[[#This Row],[CV3 - Scan Mode]],'recon links'!A:A,'recon links'!B:B)=0,"",_xlfn.XLOOKUP(Table1[[#This Row],[CV3 - Scan Mode]],'recon links'!A:A,'recon links'!B:B)) -> /export/home/sdc/fidall/bin/recon_grid_interp.py | H31: 22 | I31: 1 | J31: =IF(_xlfn.XLOOKUP(Table1[[#This Row],[CV14 - rfpulse]],'rf links'!A:A,'rf links'!E:E)=0,"",_xlfn.XLOOKUP(Table1[[#This Row],[CV14 - rfpulse]],'rf links'!A:A,'rf links'!E:E)) -> GE soft pulse | K31: 0 | L31: 71 | M31: =IF(_xlfn.XLOOKUP(Table1[[#This Row],[CV20 - vap]],'vap links'!A:A,'vap links'!K:K)=0,"",_xlfn.XLOOKUP(Table1[[#This Row],[CV20 - vap]],'vap links'!A:A,'vap links'!K:K)) -> ../waveforms/vent_cpir_2dSpiralVD/vap_phase_rf_spoiling_262112.fdl | N31: 71 | O31: =IF(_xlfn.XLOOKUP(Table1[[#This Row],[cv21 - cv_pars]],'cv_pars links'!A:A,'cv_pars links'!B:B)=0,"",_xlfn.XLOOKUP(Table1[[#This Row],[cv21 - cv_pars]],'cv_pars links'!A:A,'cv_pars links'!B:B)) -> ../waveforms/vent_cpir_2dSpiralVD/vent_cpir_2dSpiralVD.cvs
A32: vent_cpir_30SpiralVD2d | B32: 21.3 | C32: 2.048 | D32: 173.1 | E32: 72 | F32: =IF(_xlfn.XLOOKUP(Table1[[#This Row],[CV3 - Scan Mode]],'ak_grad links'!A:A,'ak_grad links'!B:B)=0,"",_xlfn.XLOOKUP(Table1[[#This Row],[CV3 - Scan Mode]],'ak_grad links'!A:A,'ak_grad links'!B:B)) -> vent_cpir_2dSpiralVD/spiralbni_129xe_fov300_mtx100_nexc20_bonus2_vd2start0p5stop1r2_kdt4_gmax41_smax119_dur6p8_M4.wav | G32: =IF(_xlfn.XLOOKUP(Table1[[#This Row],[CV3 - Scan Mode]],'recon links'!A:A,'recon links'!B:B)=0,"",_xlfn.XLOOKUP(Table1[[#This Row],[CV3 - Scan Mode]],'recon links'!A:A,'recon links'!B:B)) -> /export/home/sdc/fidall/bin/recon_grid_interp.py | H32: 20 | I32: 1 | J32: =IF(_xlfn.XLOOKUP(Table1[[#This Row],[CV14 - rfpulse]],'rf links'!A:A,'rf links'!E:E)=0,"",_xlfn.XLOOKUP(Table1[[#This Row],[CV14 - rfpulse]],'rf links'!A:A,'rf links'!E:E)) -> GE soft pulse | K32: 0 | L32: 72 | M32: =IF(_xlfn.XLOOKUP(Table1[[#This Row],[CV20 - vap]],'vap links'!A:A,'vap links'!K:K)=0,"",_xlfn.XLOOKUP(Table1[[#This Row],[CV20 - vap]],'vap links'!A:A,'vap links'!K:K)) -> ../waveforms/vent_cpir_2dSpiralVD/vap_phase_rf_spoiling_262112.fdl | N32: 72 | O32: =IF(_xlfn.XLOOKUP(Table1[[#This Row],[cv21 - cv_pars]],'cv_pars links'!A:A,'cv_pars links'!B:B)=0,"",_xlfn.XLOOKUP(Table1[[#This Row],[cv21 - cv_pars]],'cv_pars links'!A:A,'cv_pars links'!B:B)) -> ../waveforms/vent_cpir_2dSpiralVD/vent_cpir_2dSpiralVD.cvs
A33: vent_cpir_25SpiralVD2d | B33: 24 | C33: 2.048 | D33: 155.1 | E33: 73 | F33: =IF(_xlfn.XLOOKUP(Table1[[#This Row],[CV3 - Scan Mode]],'ak_grad links'!A:A,'ak_grad links'!B:B)=0,"",_xlfn.XLOOKUP(Table1[[#This Row],[CV3 - Scan Mode]],'ak_grad links'!A:A,'ak_grad links'!B:B)) -> vent_cpir_2dSpiralVD/spiralbni_129xe_fov250_mtx84_nexc18_bonus2_vd2start0p5stop1r2_kdt4_gmax41_smax119_dur6p5_M4.wav | G33: =IF(_xlfn.XLOOKUP(Table1[[#This Row],[CV3 - Scan Mode]],'recon links'!A:A,'recon links'!B:B)=0,"",_xlfn.XLOOKUP(Table1[[#This Row],[CV3 - Scan Mode]],'recon links'!A:A,'recon links'!B:B)) -> /export/home/sdc/fidall/bin/recon_grid_interp.py | H33: 18 | I33: 1 | J33: =IF(_xlfn.XLOOKUP(Table1[[#This Row],[CV14 - rfpulse]],'rf links'!A:A,'rf links'!E:E)=0,"",_xlfn.XLOOKUP(Table1[[#This Row],[CV14 - rfpulse]],'rf links'!A:A,'rf links'!E:E)) -> GE soft pulse | K33: 0 | L33: 73 | M33: =IF(_xlfn.XLOOKUP(Table1[[#This Row],[CV20 - vap]],'vap links'!A:A,'vap links'!K:K)=0,"",_xlfn.XLOOKUP(Table1[[#This Row],[CV20 - vap]],'vap links'!A:A,'vap links'!K:K)) -> ../waveforms/vent_cpir_2dSpiralVD/vap_phase_rf_spoiling_262112.fdl | N33: 73 | O33: =IF(_xlfn.XLOOKUP(Table1[[#This Row],[cv21 - cv_pars]],'cv_pars links'!A:A,'cv_pars links'!B:B)=0,"",_xlfn.XLOOKUP(Table1[[#This Row],[cv21 - cv_pars]],'cv_pars links'!A:A,'cv_pars links'!B:B)) -> ../waveforms/vent_cpir_2dSpiralVD/vent_cpir_2dSpiralVD.cvs
A34: vent_cpir_20SpiralVD2d | B34: 25.9 | C34: 2.048 | D34: 159.9 | E34: 74 | F34: =IF(_xlfn.XLOOKUP(Table1[[#This Row],[CV3 - Scan Mode]],'ak_grad links'!A:A,'ak_grad links'!B:B)=0,"",_xlfn.XLOOKUP(Table1[[#This Row],[CV3 - Scan Mode]],'ak_grad links'!A:A,'ak_grad links'!B:B)) -> vent_cpir_2dSpiralVD/spiralbni_129xe_fov200_mtx67_nexc14_bonus2_vd2start0p5stop1r2_kdt8_gmax41_smax119_dur6p9_M4.wav | G34: =IF(_xlfn.XLOOKUP(Table1[[#This Row],[CV3 - Scan Mode]],'recon links'!A:A,'recon links'!B:B)=0,"",_xlfn.XLOOKUP(Table1[[#This Row],[CV3 - Scan Mode]],'recon links'!A:A,'recon links'!B:B)) -> /export/home/sdc/fidall/bin/recon_grid_interp.py | H34: 14 | I34: 1 | J34: =IF(_xlfn.XLOOKUP(Table1[[#This Row],[CV14 - rfpulse]],'rf links'!A:A,'rf links'!E:E)=0,"",_xlfn.XLOOKUP(Table1[[#This Row],[CV14 - rfpulse]],'rf links'!A:A,'rf links'!E:E)) -> GE soft pulse | K34: 0 | L34: 74 | M34: =IF(_xlfn.XLOOKUP(Table1[[#This Row],[CV20 - vap]],'vap links'!A:A,'vap links'!K:K)=0,"",_xlfn.XLOOKUP(Table1[[#This Row],[CV20 - vap]],'vap links'!A:A,'vap links'!K:K)) -> ../waveforms/vent_cpir_2dSpiralVD/vap_phase_rf_spoiling_262112.fdl | N34: 74 | O34: =IF(_xlfn.XLOOKUP(Table1[[#This Row],[cv21 - cv_pars]],'cv_pars links'!A:A,'cv_pars links'!B:B)=0,"",_xlfn.XLOOKUP(Table1[[#This Row],[cv21 - cv_pars]],'cv_pars links'!A:A,'cv_pars links'!B:B)) -> ../waveforms/vent_cpir_2dSpiralVD/vent_cpir_2dSpiralVD.cvs
A35: anatvent_cpir_40SpiralVD2d | B35: 10 | C35: 1.204 | D35: 111.7 | E35: 75 | F35: =IF(_xlfn.XLOOKUP(Table1[[#This Row],[CV3 - Scan Mode]],'ak_grad links'!A:A,'ak_grad links'!B:B)=0,"",_xlfn.XLOOKUP(Table1[[#This Row],[CV3 - Scan Mode]],'ak_grad links'!A:A,'ak_grad links'!B:B)) -> vent_cpir_2dSpiralVD/spiralbni_1h_fov400_mtx134_nexc24_bonus0_vd0start0stop1r1_kdt2_gmax24_smax149_dur2p1_M4.wav | G35: =IF(_xlfn.XLOOKUP(Table1[[#This Row],[CV3 - Scan Mode]],'recon links'!A:A,'recon links'!B:B)=0,"",_xlfn.XLOOKUP(Table1[[#This Row],[CV3 - Scan Mode]],'recon links'!A:A,'recon links'!B:B)) -> /export/home/sdc/fidall/bin/recon_grid_interp.py | H35: 24 | I35: 1 | J35: =IF(_xlfn.XLOOKUP(Table1[[#This Row],[CV14 - rfpulse]],'rf links'!A:A,'rf links'!E:E)=0,"",_xlfn.XLOOKUP(Table1[[#This Row],[CV14 - rfpulse]],'rf links'!A:A,'rf links'!E:E)) -> GE soft pulse | K35: 0 | L35: 75 | M35: =IF(_xlfn.XLOOKUP(Table1[[#This Row],[CV20 - vap]],'vap links'!A:A,'vap links'!K:K)=0,"",_xlfn.XLOOKUP(Table1[[#This Row],[CV20 - vap]],'vap links'!A:A,'vap links'!K:K)) -> ../waveforms/vent_cpir_2dSpiralVD/vap_phase_rf_spoiling_262112.fdl | N35: 75 | O35: =IF(_xlfn.XLOOKUP(Table1[[#This Row],[cv21 - cv_pars]],'cv_pars links'!A:A,'cv_pars links'!B:B)=0,"",_xlfn.XLOOKUP(Table1[[#This Row],[cv21 - cv_pars]],'cv_pars links'!A:A,'cv_pars links'!B:B)) -> ../waveforms/vent_cpir_2dSpiralVD/vent_cpir_2dSpiralVD.cvs
A36: anatvent_cpir_35SpiralVD2d | B36: 10 | C36: 1.204 | D36: 104.3 | E36: 76 | F36: =IF(_xlfn.XLOOKUP(Table1[[#This Row],[CV3 - Scan Mode]],'ak_grad links'!A:A,'ak_grad links'!B:B)=0,"",_xlfn.XLOOKUP(Table1[[#This Row],[CV3 - Scan Mode]],'ak_grad links'!A:A,'ak_grad links'!B:B)) -> vent_cpir_2dSpiralVD/spiralbni_1h_fov350_mtx117_nexc21_bonus0_vd0start0stop1r1_kdt2_gmax24_smax149_dur2p1_M4.wav | G36: =IF(_xlfn.XLOOKUP(Table1[[#This Row],[CV3 - Scan Mode]],'recon links'!A:A,'recon links'!B:B)=0,"",_xlfn.XLOOKUP(Table1[[#This Row],[CV3 - Scan Mode]],'recon links'!A:A,'recon links'!B:B)) -> /export/home/sdc/fidall/bin/recon_grid_interp.py | H36: 21 | I36: 1 | J36: =IF(_xlfn.XLOOKUP(Table1[[#This Row],[CV14 - rfpulse]],'rf links'!A:A,'rf links'!E:E)=0,"",_xlfn.XLOOKUP(Table1[[#This Row],[CV14 - rfpulse]],'rf links'!A:A,'rf links'!E:E)) -> GE soft pulse | K36: 0 | L36: 76 | M36: =IF(_xlfn.XLOOKUP(Table1[[#This Row],[CV20 - vap]],'vap links'!A:A,'vap links'!K:K)=0,"",_xlfn.XLOOKUP(Table1[[#This Row],[CV20 - vap]],'vap links'!A:A,'vap links'!K:K)) -> ../waveforms/vent_cpir_2dSpiralVD/vap_phase_rf_spoiling_262112.fdl | N36: 76 | O36: =IF(_xlfn.XLOOKUP(Table1[[#This Row],[cv21 - cv_pars]],'cv_pars links'!A:A,'cv_pars links'!B:B)=0,"",_xlfn.XLOOKUP(Table1[[#This Row],[cv21 - cv_pars]],'cv_pars links'!A:A,'cv_pars links'!B:B)) -> ../waveforms/vent_cpir_2dSpiralVD/vent_cpir_2dSpiralVD.cvs
A37: anatvent_cpir_30SpiralVD2d | B37: 10 | C37: 1.204 | D37: 96.8 | E37: 77 | F37: =IF(_xlfn.XLOOKUP(Table1[[#This Row],[CV3 - Scan Mode]],'ak_grad links'!A:A,'ak_grad links'!B:B)=0,"",_xlfn.XLOOKUP(Table1[[#This Row],[CV3 - Scan Mode]],'ak_grad links'!A:A,'ak_grad links'!B:B)) -> vent_cpir_2dSpiralVD/spiralbni_1h_fov300_mtx100_nexc18_bonus0_vd0start0stop1r1_kdt2_gmax24_smax149_dur2p1_M4.wav | G37: =IF(_xlfn.XLOOKUP(Table1[[#This Row],[CV3 - Scan Mode]],'recon links'!A:A,'recon links'!B:B)=0,"",_xlfn.XLOOKUP(Table1[[#This Row],[CV3 - Scan Mode]],'recon links'!A:A,'recon links'!B:B)) -> /export/home/sdc/fidall/bin/recon_grid_interp.py | H37: 18 | I37: 1 | J37: =IF(_xlfn.XLOOKUP(Table1[[#This Row],[CV14 - rfpulse]],'rf links'!A:A,'rf links'!E:E)=0,"",_xlfn.XLOOKUP(Table1[[#This Row],[CV14 - rfpulse]],'rf links'!A:A,'rf links'!E:E)) -> GE soft pulse | K37: 0 | L37: 77 | M37: =IF(_xlfn.XLOOKUP(Table1[[#This Row],[CV20 - vap]],'vap links'!A:A,'vap links'!K:K)=0,"",_xlfn.XLOOKUP(Table1[[#This Row],[CV20 - vap]],'vap links'!A:A,'vap links'!K:K)) -> ../waveforms/vent_cpir_2dSpiralVD/vap_phase_rf_spoiling_262112.fdl | N37: 77 | O37: =IF(_xlfn.XLOOKUP(Table1[[#This Row],[cv21 - cv_pars]],'cv_pars links'!A:A,'cv_pars links'!B:B)=0,"",_xlfn.XLOOKUP(Table1[[#This Row],[cv21 - cv_pars]],'cv_pars links'!A:A,'cv_pars links'!B:B)) -> ../waveforms/vent_cpir_2dSpiralVD/vent_cpir_2dSpiralVD.cvs
A38: anatvent_cpir_25SpiralVD2d | B38: 10 | C38: 1.204 | D38: 89.4 | E38: 78 | F38: =IF(_xlfn.XLOOKUP(Table1[[#This Row],[CV3 - Scan Mode]],'ak_grad links'!A:A,'ak_grad links'!B:B)=0,"",_xlfn.XLOOKUP(Table1[[#This Row],[CV3 - Scan Mode]],'ak_grad links'!A:A,'ak_grad links'!B:B)) -> vent_cpir_2dSpiralVD/spiralbni_1h_fov250_mtx84_nexc15_bonus0_vd0start0stop1r1_kdt2_gmax24_smax149_dur2p1_M4.wav | G38: =IF(_xlfn.XLOOKUP(Table1[[#This Row],[CV3 - Scan Mode]],'recon links'!A:A,'recon links'!B:B)=0,"",_xlfn.XLOOKUP(Table1[[#This Row],[CV3 - Scan Mode]],'recon links'!A:A,'recon links'!B:B)) -> /export/home/sdc/fidall/bin/recon_grid_interp.py | H38: 15 | I38: 1 | J38: =IF(_xlfn.XLOOKUP(Table1[[#This Row],[CV14 - rfpulse]],'rf links'!A:A,'rf links'!E:E)=0,"",_xlfn.XLOOKUP(Table1[[#This Row],[CV14 - rfpulse]],'rf links'!A:A,'rf links'!E:E)) -> GE soft pulse | K38: 0 | L38: 78 | M38: =IF(_xlfn.XLOOKUP(Table1[[#This Row],[CV20 - vap]],'vap links'!A:A,'vap links'!K:K)=0,"",_xlfn.XLOOKUP(Table1[[#This Row],[CV20 - vap]],'vap links'!A:A,'vap links'!K:K)) -> ../waveforms/vent_cpir_2dSpiralVD/vap_phase_rf_spoiling_262112.fdl | N38: 78 | O38: =IF(_xlfn.XLOOKUP(Table1[[#This Row],[cv21 - cv_pars]],'cv_pars links'!A:A,'cv_pars links'!B:B)=0,"",_xlfn.XLOOKUP(Table1[[#This Row],[cv21 - cv_pars]],'cv_pars links'!A:A,'cv_pars links'!B:B)) -> ../waveforms/vent_cpir_2dSpiralVD/vent_cpir_2dSpiralVD.cvs
A39: anatvent_cpir_20SpiralVD2d | B39: 10 | C39: 1.204 | D39: 89.5 | E39: 79 | F39: =IF(_xlfn.XLOOKUP(Table1[[#This Row],[CV3 - Scan Mode]],'ak_grad links'!A:A,'ak_grad links'!B:B)=0,"",_xlfn.XLOOKUP(Table1[[#This Row],[CV3 - Scan Mode]],'ak_grad links'!A:A,'ak_grad links'!B:B)) -> vent_cpir_2dSpiralVD/spiralbni_1h_fov200_mtx67_nexc12_bonus0_vd0start0stop1r1_kdt4_gmax24_smax149_dur2p1_M4.wav | G39: =IF(_xlfn.XLOOKUP(Table1[[#This Row],[CV3 - Scan Mode]],'recon links'!A:A,'recon links'!B:B)=0,"",_xlfn.XLOOKUP(Table1[[#This Row],[CV3 - Scan Mode]],'recon links'!A:A,'recon links'!B:B)) -> /export/home/sdc/fidall/bin/recon_grid_interp.py | H39: 12 | I39: 1 | J39: =IF(_xlfn.XLOOKUP(Table1[[#This Row],[CV14 - rfpulse]],'rf links'!A:A,'rf links'!E:E)=0,"",_xlfn.XLOOKUP(Table1[[#This Row],[CV14 - rfpulse]],'rf links'!A:A,'rf links'!E:E)) -> GE soft pulse | K39: 0 | L39: 79 | M39: =IF(_xlfn.XLOOKUP(Table1[[#This Row],[CV20 - vap]],'vap links'!A:A,'vap links'!K:K)=0,"",_xlfn.XLOOKUP(Table1[[#This Row],[CV20 - vap]],'vap links'!A:A,'vap links'!K:K)) -> ../waveforms/vent_cpir_2dSpiralVD/vap_phase_rf_spoiling_262112.fdl | N39: 79 | O39: =IF(_xlfn.XLOOKUP(Table1[[#This Row],[cv21 - cv_pars]],'cv_pars links'!A:A,'cv_pars links'!B:B)=0,"",_xlfn.XLOOKUP(Table1[[#This Row],[cv21 - cv_pars]],'cv_pars links'!A:A,'cv_pars links'!B:B)) -> ../waveforms/vent_cpir_2dSpiralVD/vent_cpir_2dSpiralVD.cvs

Sheet ak_grad links
A1: Link # | B1: ak_grad
A2: 1 | B2: MRSI Mode
A3: 2 | B3: spiral/spiral_13C_fov80_mtx28_arms1_kdt24_gmax33_smax119_dur24p6.wav
A4: 3 | B4: spiral/spiral_13C_fov120_mtx34_arms1_kdt16_gmax33_smax119_dur25p3.wav
A5: 4 | B5: spiral/spiral_13C_fov200_mtx42_arms1_kdt8_gmax33_smax119_dur25p7.wav
A6: 5 | B6: spiral/spiral_13C_fov300_mtx48_arms1_kdt8_gmax30_smax119_dur25p5.wav
A7: 6 | B7: spiral/spiral_13C_fov400_mtx52_arms1_kdt8_gmax27_smax119_dur24p9.wav
A8: 7 | B8: spiral/spiral_1H_fov200_mtx50_arms1_kdt2_gmax19_smax119_dur16p6.wav
A9: 8 | B9: spiral/spiral_1H_fov200_mtx200_arms50_kdt2_gmax29_smax119_dur3p3.wav
A10: 9 | B10: spiral/spiral_1H_fov400_mtx100_arms4_kdt2_gmax15_smax119_dur9.wav
A11: 10 | B11: mrp/radial2D_1H_fov200_mtx300_intlv1000_kdt4_gmax25_smax100_dur4p5_fsca_rew1_GA7.wav
A12: 11 | B12: mrp/radial4D_1H_fov200_53_mtx300_20_intlv40000_kdt4_gmax25_smax100_dur4p5_fsca_rew1_GA7_zPE3.wav
A13: 12
A14: 13
A15: 14
A16: 15 | B16: cart/cart2D_129Xe_fov300x240_mtx100x80_nexc80_kdt20_gmax32_smax99_dur4p92.wav
A17: 16 | B17: cart/cart3D_129Xe_fov300x240x144_mtx100x80x24_nexc1928_kdt20_gmax33_smax92_dur5p76_bal_co.wav
A18: 17 | B18: mrsi/mrsi3D_129Xe_scheme2_3_fov270_240_150_mtx18_16_10_bw20000_npts88_nexc1586_gmax16_smax87_crush2.wav
A19: 18 | B19: radial/radial3D_1H_fov170_mtx200_intlv61712_kdt4_gmax32_smax120_dur1p3_coca_rew2_1.wav
A20: 19 | B20: radial/radial3D_23Na_fov159_mtx80_intlv20230_kdt24_gmax33_smax120_dur16p1_coda_rew2_1.wav
A21: 20 | B21: spsp_profile/gz_fov200_mtx512_13c_gmax23_smax75.wav
A22: 21 | B22: spsp_profile/gz_fov200_mtx512_1h_gmax23_smax75.wav
A23: 22 | B23: epsi/flyback_13C_x_fov82_gmax50_smax200.wav
A24: 23 | B24: epsi/flyback_13C_y_fov82_gmax50_smax200.wav
A25: 24 | B25: epsi/flyback_13C_z_fov82_gmax50_smax200.wav
A26: 25 | B26: mrp/spiral225_225_MRP_16Gmax_80Slew_1H_377int.wav
A27: 26 | B27: mrp/spiral225_225_MRP_33Gmax_120Slew_1H_89int.wav
... A30: 29 | B30: mrp/3Dspiral_fov_256_npix_200_gmax_18_smax_60_nphi_880.wav
A31: 30
A32: 31
A33: 32
A34: 33
A35: 34
A36: 35 | B36: diff_cpir_2dCart4bs/diffcart2D_129Xe_fov400_mtx80_nexc320_kdt52_gmax29_smax98_dur14p9_co.wav
A37: 36 | B37: diff_cpir_2dCart4bs/diffcart2D_129Xe_fov350_mtx70_nexc280_kdt52_gmax29_smax98_dur14p3_co.wav
A38: 37 | B38: diff_cpir_2dCart4bs/diffcart2D_129Xe_fov300_mtx60_nexc240_kdt52_gmax29_smax98_dur13p8_co.wav
A39: 38 | B39: diff_cpir_2dCart4bs/diffcart2D_129Xe_fov250_mtx50_nexc200_kdt52_gmax29_smax98_dur13p4_co.wav
A40: 39 | B40: diff_cpir_2dCart4bs/diffcart2D_129Xe_fov200_mtx40_nexc160_kdt52_gmax29_smax98_dur12p9_co.wav
A41: 40 | B41: gx_cpir_1ptDixon/interleaved_radial3D_129xe_fov325_mtx56_intlv2002_kdt18_gmax37_smax144_dur1p6_coca_rew2_1p25_GA5.wav
A42: 41 | B42: gx_cpir_1ptDixon/radial3D_1h_fov325_mtx56_intlv5000_kdt18_gmax19_smax141_dur1p4_coca_rew2_1p25_GA5.wav
A43: 42 | B43: vent_cpir_floret/floret_x005F_xe129_fov375_mtx97_arms7p1_hub3_0p4_intlv1312_bonus10_kdt8_gmax21_smax139_dur7p7_M21.wav
A44: 43 | B44: vent_cpir_floret/floret_h1_fov375_mtx97_arms12p6_hub3_0p4_intlv2304_bonus0_kdt2_gmax21_smax148_dur1p6_M8.wav
A45: 44
A46: 45
A47: 46
A48: 47
A49: 48
A50: 49
A51: 50
A52: 51
A53: 52
A54: 53 | B54: Xenon_3D_Radial_Dixon/interleaved_radial3D_129xe_fov400_mtx64_intlv2402_kdt10_gmax31_smax106_dur1p2_coca_rew2_1p25_HAL.wav
A55: 54
A56: 55 | B56: gx_cpir_MRSI/mrsi3D_129Xe_scheme4_3_fov400_400_320_mtx40_40_32_bw20000_npts88_nexc1437_gmax30_smax144_ncok50_10.wav
A57: 56 | B57: gx_cpir_MRSI/mrsi3D_129Xe_scheme4_3_fov350_350_280_mtx35_35_28_bw20000_npts88_nexc1264_gmax30_smax142_ncok50_10.wav
A58: 57 | B58: gx_cpir_MRSI/mrsi3D_129Xe_scheme4_3_fov300_300_240_mtx30_30_24_bw20000_npts88_nexc1047_gmax29_smax140_ncok50_10.wav
A59: 58 | B59: gx_cpir_MRSI/mrsi3D_129Xe_scheme4_3_fov250_250_200_mtx25_25_20_bw20000_npts88_nexc835_gmax30_smax140_ncok50_10.wav
A60: 59
A61: 60
A62: 61
A63: 62
A64: 63
A65: 64
A66: 65 | B66: qa_cpir_PhantomCSI/mrsi3D_129Xe_scheme4_3_fov400_400_200_mtx40_40_20_bw5000_npts256_nexc1796_gmax30_smax144.wav
A67: 66 | B67: gx_XeCTC_1ptDixon/interleaved_radial3D_129xe_fov400_mtx64_intlv2002_kdt10_gmax31_smax106_dur1p2_coca_rew2_1p25_HAL.wav
A68: 67 | B68: gx_XeCTC_1ptDixon/radial3D_1h_fov400_mtx64_intlv4600_kdt18_gmax6_smax17_dur2_coca_rew2_1p25_HAL.wav
A69: 68
A70: 69
A71: 70 | B71: vent_cpir_2dSpiralVD/spiralbni_129xe_fov400_mtx134_nexc26_bonus2_vd2start0p5stop1r2_kdt4_gmax41_smax119_dur6p9_M4.wav
A72: 71 | B72: vent_cpir_2dSpiralVD/spiralbni_129xe_fov350_mtx117_nexc22_bonus2_vd2start0p5stop1r2_kdt4_gmax41_smax119_dur7p2_M4.wav
A73: 72 | B73: vent_cpir_2dSpiralVD/spiralbni_129xe_fov300_mtx100_nexc20_bonus2_vd2start0p5stop1r2_kdt4_gmax41_smax119_dur6p8_M4.wav
A74: 73 | B74: vent_cpir_2dSpiralVD/spiralbni_129xe_fov250_mtx84_nexc18_bonus2_vd2start0p5stop1r2_kdt4_gmax41_smax119_dur6p5_M4.wav
A75: 74 | B75: vent_cpir_2dSpiralVD/spiralbni_129xe_fov200_mtx67_nexc14_bonus2_vd2start0p5stop1r2_kdt8_gmax41_smax119_dur6p9_M4.wav
A76: 75 | B76: vent_cpir_2dSpiralVD/spiralbni_1h_fov400_mtx134_nexc24_bonus0_vd0start0stop1r1_kdt2_gmax24_smax149_dur2p1_M4.wav
A77: 76 | B77: vent_cpir_2dSpiralVD/spiralbni_1h_fov350_mtx117_nexc21_bonus0_vd0start0stop1r1_kdt2_gmax24_smax149_dur2p1_M4.wav
A78: 77 | B78: vent_cpir_2dSpiralVD/spiralbni_1h_fov300_mtx100_nexc18_bonus0_vd0start0stop1r1_kdt2_gmax24_smax149_dur2p1_M4.wav
A79: 78 | B79: vent_cpir_2dSpiralVD/spiralbni_1h_fov250_mtx84_nexc15_bonus0_vd0start0stop1r1_kdt2_gmax24_smax149_dur2p1_M4.wav
A80: 79 | B80: vent_cpir_2dSpiralVD/spiralbni_1h_fov200_mtx67_nexc12_bonus0_vd0start0stop1r1_kdt4_gmax24_smax149_dur2p1_M4.wav
A81: 80
A82: 81
A83: 82
A84: 83
A85: 84
A86: 85
A87: 86
A88: 87
A89: 88
A90: 89
A91: 90
A92: 91
... A100: 99

Sheet rf links
A1: Link # | B1: exrf rho | C1: exrf_gz | D1: exrf_cvs | E1: return
A2: 0 | B2: GE hard pulse | E2: =_xlfn.TEXTJOIN(CHAR(10),TRUE,Table245[[#This Row],[exrf rho]:[exrf_cvs]]) -> GE hard pulse
A3: 1 | B3: GE soft pulse | E3: =_xlfn.TEXTJOIN(CHAR(10),TRUE,Table245[[#This Row],[exrf rho]:[exrf_cvs]]) -> GE soft pulse
A4: 2 | B4: /export/home/sdc/fidall/waveforms/rffiles/spsp2d_hshi_5_2_15_4374_17496.rho | C4: /export/home/sdc/fidall/waveforms/rffiles/spsp2d_hshi_5_2_15_4374_17496.gz | D4: ../waveforms/rffiles/spsp2d_hshi_5_2_15_4374_17496.cvs | E4: =_xlfn.TEXTJOIN(CHAR(10),TRUE,Table245[[#This Row],[exrf rho]:[exrf_cvs]]) -> /export/home/sdc/fidall/waveforms/rffiles/spsp2d_hshi_5_2_15_4374_17496.rho /export/home/sdc/fidall/waveforms/rffiles/spsp2d_hshi_5_2_15_4374_17496.gz ../waveforms/rffiles/spsp2d_hshi_5_2_15_4374_17496.cvs
A5: 3 | B5: /export/home/sdc/fidall/waveforms/rffiles/spsp2d_cent_1_2_21_6054_24216.rho | C5: /export/home/sdc/fidall/waveforms/rffiles/spsp2d_cent_1_2_21_6054_24216.gz | E5: =_xlfn.TEXTJOIN(CHAR(10),TRUE,Table245[[#This Row],[exrf rho]:[exrf_cvs]]) -> /export/home/sdc/fidall/waveforms/rffiles/spsp2d_cent_1_2_21_6054_24216.rho /export/home/sdc/fidall/waveforms/rffiles/spsp2d_cent_1_2_21_6054_24216.gz
A6: 4 | B6: export/home/sdc/fidall/waveforms/rffiles/spsp2d_flyb_4_2_18_5610_22440.rho | C6: /export/home/sdc/fidall/waveforms/rffiles/spsp2d_flyb_4_2_18_5610_22440.gz | E6: =_xlfn.TEXTJOIN(CHAR(10),TRUE,Table245[[#This Row],[exrf rho]:[exrf_cvs]]) -> export/home/sdc/fidall/waveforms/rffiles/spsp2d_flyb_4_2_18_5610_22440.rho /export/home/sdc/fidall/waveforms/rffiles/spsp2d_flyb_4_2_18_5610_22440.gz
A7: 5 | B7: /export/home/sdc/fidall/waveforms/rffiles/mnsrp_freqsel_n750_t30_bw80_ftw0p9.rho | E7: =_xlfn.TEXTJOIN(CHAR(10),TRUE,Table245[[#This Row],[exrf rho]:[exrf_cvs]]) -> /export/home/sdc/fidall/waveforms/rffiles/mnsrp_freqsel_n750_t30_bw80_ftw0p9.rho
A8: 6 | B8: /export/home/sdc/fidall/waveforms/rffiles/rf4ssfp_FA90_nBW22_thick3_B1max12747_dur3424_gmax33_smax120.rho | C8: /export/home/sdc/fidall/waveforms/rffiles/rf4ssfp_FA90_nBW22_thick3_B1max12747_dur3424_gmax33_smax120.gz | E8: =_xlfn.TEXTJOIN(CHAR(10),TRUE,Table245[[#This Row],[exrf rho]:[exrf_cvs]]) -> /export/home/sdc/fidall/waveforms/rffiles/rf4ssfp_FA90_nBW22_thick3_B1max12747_dur3424_gmax33_smax120.rho /export/home/sdc/fidall/waveforms/rffiles/rf4ssfp_FA90_nBW22_thick3_B1max12747_dur3424_gmax33_smax120.gz
A9: 7 | E9: =_xlfn.TEXTJOIN(CHAR(10),TRUE,Table245[[#This Row],[exrf rho]:[exrf_cvs]])
A10: 8 | E10: =_xlfn.TEXTJOIN(CHAR(10),TRUE,Table245[[#This Row],[exrf rho]:[exrf_cvs]])
A11: 9 | E11: =_xlfn.TEXTJOIN(CHAR(10),TRUE,Table245[[#This Row],[exrf rho]:[exrf_cvs]])
A12: 10 | B12: /export/home/sdc/fidall/waveforms/rffiles/exrf_spat_flip90_t2_ref0p5_b1max20p845_bw3500_sb2100.rho | E12: =_xlfn.TEXTJOIN(CHAR(10),TRUE,Table245[[#This Row],[exrf rho]:[exrf_cvs]]) -> /export/home/sdc/fidall/waveforms/rffiles/exrf_spat_flip90_t2_ref0p5_b1max20p845_bw3500_sb2100.rho
A13: 11 | B13: /export/home/sdc/fidall/waveforms/rffiles/exrf_spat_flip90_t3_ref0p4_b1max10p873_bw1800_sb1080.rho | E13: =_xlfn.TEXTJOIN(CHAR(10),TRUE,Table245[[#This Row],[exrf rho]:[exrf_cvs]]) -> /export/home/sdc/fidall/waveforms/rffiles/exrf_spat_flip90_t3_ref0p4_b1max10p873_bw1800_sb1080.rho
A14: 12 | B14: /export/home/sdc/fidall/waveforms/rffiles/hardpulse_flip20_pw112.rho | E14: =_xlfn.TEXTJOIN(CHAR(10),TRUE,Table245[[#This Row],[exrf rho]:[exrf_cvs]]) -> /export/home/sdc/fidall/waveforms/rffiles/hardpulse_flip20_pw112.rho
A15: 13 | B15: /export/home/sdc/fidall/waveforms/rffiles/hardpulse_flip30_pw160.rho | E15: =_xlfn.TEXTJOIN(CHAR(10),TRUE,Table245[[#This Row],[exrf rho]:[exrf_cvs]]) -> /export/home/sdc/fidall/waveforms/rffiles/hardpulse_flip30_pw160.rho
A16: 14 | E16: =_xlfn.TEXTJOIN(CHAR(10),TRUE,Table245[[#This Row],[exrf rho]:[exrf_cvs]])
A17: 15 | E17: =_xlfn.TEXTJOIN(CHAR(10),TRUE,Table245[[#This Row],[exrf rho]:[exrf_cvs]])
A18: 16 | B18: /export/home/sdc/fidall/waveforms/rffiles/exrf_freq_flip40_t1p2_ref0p5_b1max6p3494_bw500.rho | D18: ../waveforms/rffiles/exrf_freq_flip40_t1p2_ref0p5_b1max6p3494_bw500.cvs | E18: =_xlfn.TEXTJOIN(CHAR(10),TRUE,Table245[[#This Row],[exrf rho]:[exrf_cvs]]) -> /export/home/sdc/fidall/waveforms/rffiles/exrf_freq_flip40_t1p2_ref0p5_b1max6p3494_bw500.rho ../waveforms/rffiles/exrf_freq_flip40_t1p2_ref0p5_b1max6p3494_bw500.cvs
A19: 17 | B19: /export/home/sdc/fidall/waveforms/rffiles/exrf_freq_flip40_t0p6_ref0p5_b1max11p855_bw1000.rho | D19: ../waveforms/rffiles/exrf_freq_flip40_t0p6_ref0p5_b1max11p855_bw1000.cvs | E19: =_xlfn.TEXTJOIN(CHAR(10),TRUE,Table245[[#This Row],[exrf rho]:[exrf_cvs]]) -> /export/home/sdc/fidall/waveforms/rffiles/exrf_freq_flip40_t0p6_ref0p5_b1max11p855_bw1000.rho ../waveforms/rffiles/exrf_freq_flip40_t0p6_ref0p5_b1max11p855_bw1000.cvs
A20: 18 | B20: rffiles/exrf_freq_flip40_t0p6_ref0p5_b1max12p375_bw1000_sb7130.rho | E20: =_xlfn.TEXTJOIN(CHAR(10),TRUE,Table245[[#This Row],[exrf rho]:[exrf_cvs]]) -> rffiles/exrf_freq_flip40_t0p6_ref0p5_b1max12p375_bw1000_sb7130.rho
A21: 19 | E21: =_xlfn.TEXTJOIN(CHAR(10),TRUE,Table245[[#This Row],[exrf rho]:[exrf_cvs]])
A22: 20 | B22: RF_pulses/hardpulse_flip195_pw1000.rho | E22: =_xlfn.TEXTJOIN(CHAR(10),TRUE,Table245[[#This Row],[exrf rho]:[exrf_cvs]]) -> RF_pulses/hardpulse_flip195_pw1000.rho
A23: 21 | B23: RF_pulses/hardpulse_flip176_pw904.rho | E23: =_xlfn.TEXTJOIN(CHAR(10),TRUE,Table245[[#This Row],[exrf rho]:[exrf_cvs]]) -> RF_pulses/hardpulse_flip176_pw904.rho
A24: 22 | B24: RF_pulses/hardpulse_flip156_pw800.rho | E24: =_xlfn.TEXTJOIN(CHAR(10),TRUE,Table245[[#This Row],[exrf rho]:[exrf_cvs]]) -> RF_pulses/hardpulse_flip156_pw800.rho
A25: 23 | B25: RF_pulses/hardpulse_flip137_pw704.rho | E25: =_xlfn.TEXTJOIN(CHAR(10),TRUE,Table245[[#This Row],[exrf rho]:[exrf_cvs]]) -> RF_pulses/hardpulse_flip137_pw704.rho
A26: 24 | B26: RF_pulses/hardpulse_flip116_pw600.rho | E26: =_xlfn.TEXTJOIN(CHAR(10),TRUE,Table245[[#This Row],[exrf rho]:[exrf_cvs]]) -> RF_pulses/hardpulse_flip116_pw600.rho
A27: 25 | E27: =_xlfn.TEXTJOIN(CHAR(10),TRUE,Table245[[#This Row],[exrf rho]:[exrf_cvs]])
A28: 26 | E28: =_xlfn.TEXTJOIN(CHAR(10),TRUE,Table245[[#This Row],[exrf rho]:[exrf_cvs]])
A29: 27 | E29: =_xlfn.TEXTJOIN(CHAR(10),TRUE,Table245[[#This Row],[exrf rho]:[exrf_cvs]])
A30: 28 | E30: =_xlfn.TEXTJOIN(CHAR(10),TRUE,Table245[[#This Row],[exrf rho]:[exrf_cvs]])
A31: 29 | E31: =_xlfn.TEXTJOIN(CHAR(10),TRUE,Table245[[#This Row],[exrf rho]:[exrf_cvs]])
A32: 30 | B32: rffiles/129Xe_freq_5000hz_600us_3tbw.rho | E32: =_xlfn.TEXTJOIN(CHAR(10),TRUE,Table245[[#This Row],[exrf rho]:[exrf_cvs]]) -> rffiles/129Xe_freq_5000hz_600us_3tbw.rho
A33: 31 | B33: rffiles/129Xe_freq_5000hz_600us_3tbw.rho | E33: =_xlfn.TEXTJOIN(CHAR(10),TRUE,Table245[[#This Row],[exrf rho]:[exrf_cvs]]) -> rffiles/129Xe_freq_5000hz_600us_3tbw.rho
A34: 32 | E34: =_xlfn.TEXTJOIN(CHAR(10),TRUE,Table245[[#This Row],[exrf rho]:[exrf_cvs]])
A35: 33 | E35: =_xlfn.TEXTJOIN(CHAR(10),TRUE,Table245[[#This Row],[exrf rho]:[exrf_cvs]])
A36: 34 | E36: =_xlfn.TEXTJOIN(CHAR(10),TRUE,Table245[[#This Row],[exrf rho]:[exrf_cvs]])
A37: 35 | E37: =_xlfn.TEXTJOIN(CHAR(10),TRUE,Table245[[#This Row],[exrf rho]:[exrf_cvs]])
A38: 36 | E38: =_xlfn.TEXTJOIN(CHAR(10),TRUE,Table245[[#This Row],[exrf rho]:[exrf_cvs]])
A39: 37 | E39: =_xlfn.TEXTJOIN(CHAR(10),TRUE,Table245[[#This Row],[exrf rho]:[exrf_cvs]])
A40: 38 | E40: =_xlfn.TEXTJOIN(CHAR(10),TRUE,Table245[[#This Row],[exrf rho]:[exrf_cvs]])
A41: 39 | E41: =_xlfn.TEXTJOIN(CHAR(10),TRUE,Table245[[#This Row],[exrf rho]:[exrf_cvs]])
A42: 40 | B42: rffiles/129Xe_freq_5000hz_600us_3tbw.rho | E42: =_xlfn.TEXTJOIN(CHAR(10),TRUE,Table245[[#This Row],[exrf rho]:[exrf_cvs]]) -> rffiles/129Xe_freq_5000hz_600us_3tbw.rho
A43: 41 | E43: =_xlfn.TEXTJOIN(CHAR(10),TRUE,Table245[[#This Row],[exrf rho]:[exrf_cvs]])
A44: 42 | E44: =_xlfn.TEXTJOIN(CHAR(10),TRUE,Table245[[#This Row],[exrf rho]:[exrf_cvs]])
A45: 43 | E45: =_xlfn.TEXTJOIN(CHAR(10),TRUE,Table245[[#This Row],[exrf rho]:[exrf_cvs]])
A46: 44 | E46: =_xlfn.TEXTJOIN(CHAR(10),TRUE,Table245[[#This Row],[exrf rho]:[exrf_cvs]])
A47: 45 | E47: =_xlfn.TEXTJOIN(CHAR(10),TRUE,Table245[[#This Row],[exrf rho]:[exrf_cvs]])
A48: 46 | E48: =_xlfn.TEXTJOIN(CHAR(10),TRUE,Table245[[#This Row],[exrf rho]:[exrf_cvs]])
A49: 47 | E49: =_xlfn.TEXTJOIN(CHAR(10),TRUE,Table245[[#This Row],[exrf rho]:[exrf_cvs]])
A50: 48 | E50: =_xlfn.TEXTJOIN(CHAR(10),TRUE,Table245[[#This Row],[exrf rho]:[exrf_cvs]])
A51: 49 | E51: =_xlfn.TEXTJOIN(CHAR(10),TRUE,Table245[[#This Row],[exrf rho]:[exrf_cvs]])
A52: 50 | E52: =_xlfn.TEXTJOIN(CHAR(10),TRUE,Table245[[#This Row],[exrf rho]:[exrf_cvs]])
A53: 51 | E53: =_xlfn.TEXTJOIN(CHAR(10),TRUE,Table245[[#This Row],[exrf rho]:[exrf_cvs]])
A54: 52 | B54: rffiles/129Xe_freq_5000hz_600us_3tbw.rho | E54: =_xlfn.TEXTJOIN(CHAR(10),TRUE,Table245[[#This Row],[exrf rho]:[exrf_cvs]]) -> rffiles/129Xe_freq_5000hz_600us_3tbw.rho
A55: 53 | B55: rffiles/129Xe_freq_5000hz_600us_3tbw.rho | E55: =_xlfn.TEXTJOIN(CHAR(10),TRUE,Table245[[#This Row],[exrf rho]:[exrf_cvs]]) -> rffiles/129Xe_freq_5000hz_600us_3tbw.rho
A56: 54 | E56: =_xlfn.TEXTJOIN(CHAR(10),TRUE,Table245[[#This Row],[exrf rho]:[exrf_cvs]])
A57: 55 | B57: rffiles/129Xe_freq_5000hz_600us_3tbw.rho | E57: =_xlfn.TEXTJOIN(CHAR(10),TRUE,Table245[[#This Row],[exrf rho]:[exrf_cvs]]) -> rffiles/129Xe_freq_5000hz_600us_3tbw.rho
A58: 56 | B58: rffiles/129Xe_freq_5000hz_600us_3tbw.rho | E58: =_xlfn.TEXTJOIN(CHAR(10),TRUE,Table245[[#This Row],[exrf rho]:[exrf_cvs]]) -> rffiles/129Xe_freq_5000hz_600us_3tbw.rho
A59: 57 | B59: rffiles/129Xe_freq_5000hz_600us_3tbw.rho | E59: =_xlfn.TEXTJOIN(CHAR(10),TRUE,Table245[[#This Row],[exrf rho]:[exrf_cvs]]) -> rffiles/129Xe_freq_5000hz_600us_3tbw.rho
A60: 58 | B60: rffiles/129Xe_freq_5000hz_600us_3tbw.rho | E60: =_xlfn.TEXTJOIN(CHAR(10),TRUE,Table245[[#This Row],[exrf rho]:[exrf_cvs]]) -> rffiles/129Xe_freq_5000hz_600us_3tbw.rho
A61: 59 | E61: =_xlfn.TEXTJOIN(CHAR(10),TRUE,Table245[[#This Row],[exrf rho]:[exrf_cvs]])
A62: 60 | E62: =_xlfn.TEXTJOIN(CHAR(10),TRUE,Table245[[#This Row],[exrf rho]:[exrf_cvs]])
A63: 61 | E63: =_xlfn.TEXTJOIN(CHAR(10),TRUE,Table245[[#This Row],[exrf rho]:[exrf_cvs]])
A64: 62 | E64: =_xlfn.TEXTJOIN(CHAR(10),TRUE,Table245[[#This Row],[exrf rho]:[exrf_cvs]])
A65: 63 | E65: =_xlfn.TEXTJOIN(CHAR(10),TRUE,Table245[[#This Row],[exrf rho]:[exrf_cvs]])
A66: 64 | E66: =_xlfn.TEXTJOIN(CHAR(10),TRUE,Table245[[#This Row],[exrf rho]:[exrf_cvs]])
A67: 65 | E67: =_xlfn.TEXTJOIN(CHAR(10),TRUE,Table245[[#This Row],[exrf rho]:[exrf_cvs]])
A68: 66 | B68: rffiles/129Xe_freq_5000hz_600us_3tbw.rho | E68: =_xlfn.TEXTJOIN(CHAR(10),TRUE,Table245[[#This Row],[exrf rho]:[exrf_cvs]]) -> rffiles/129Xe_freq_5000hz_600us_3tbw.rho
A69: 67 | E69: =_xlfn.TEXTJOIN(CHAR(10),TRUE,Table245[[#This Row],[exrf rho]:[exrf_cvs]])
A70: 68 | E70: =_xlfn.TEXTJOIN(CHAR(10),TRUE,Table245[[#This Row],[exrf rho]:[exrf_cvs]])
A71: 69 | E71: =_xlfn.TEXTJOIN(CHAR(10),TRUE,Table245[[#This Row],[exrf rho]:[exrf_cvs]])
A72: 70 | E72: =_xlfn.TEXTJOIN(CHAR(10),TRUE,Table245[[#This Row],[exrf rho]:[exrf_cvs]])
A73: 71 | E73: =_xlfn.TEXTJOIN(CHAR(10),TRUE,Table245[[#This Row],[exrf rho]:[exrf_cvs]])
A74: 72 | E74: =_xlfn.TEXTJOIN(CHAR(10),TRUE,Table245[[#This Row],[exrf rho]:[exrf_cvs]])
A75: 73 | E75: =_xlfn.TEXTJOIN(CHAR(10),TRUE,Table245[[#This Row],[exrf rho]:[exrf_cvs]])
A76: 74 | E76: =_xlfn.TEXTJOIN(CHAR(10),TRUE,Table245[[#This Row],[exrf rho]:[exrf_cvs]])
A77: 75 | E77: =_xlfn.TEXTJOIN(CHAR(10),TRUE,Table245[[#This Row],[exrf rho]:[exrf_cvs]])
A78: 76 | E78: =_xlfn.TEXTJOIN(CHAR(10),TRUE,Table245[[#This Row],[exrf rho]:[exrf_cvs]])
A79: 77 | E79: =_xlfn.TEXTJOIN(CHAR(10),TRUE,Table245[[#This Row],[exrf rho]:[exrf_cvs]])
A80: 78 | E80: =_xlfn.TEXTJOIN(CHAR(10),TRUE,Table245[[#This Row],[exrf rho]:[exrf_cvs]])
... A101: 99 | E101: =_xlfn.TEXTJOIN(CHAR(10),TRUE,Table245[[#This Row],[exrf rho]:[exrf_cvs]])

Sheet recon links
A1: Link # | B1: recon26
A2: 0 | B2: /export/home/sdc/fidall/bin/recon_prescan.py
A3: 1 | B3: =_xlfn.TEXTJOIN(CHAR(10),TRUE,"/export/home/sdc/fidall/bin/stack_plot.py","/export/home/sdc/fidall/bin/recon_csi.py","/export/home/sdc/fidall/bin/recon_prescan.py") -> /export/home/sdc/fidall/bin/stack_plot.py /export/home/sdc/fidall/bin/recon_csi.py /export/home/sdc/fidall/bin/recon_prescan.py
A4: 2 | B4: /export/home/sdc/fidall/bin/recon_spiral.py
A5: 3 | B5: /export/home/sdc/fidall/bin/recon_spiral.py
A6: 4 | B6: /export/home/sdc/fidall/bin/recon_spiral.py
A7: 5 | B7: /export/home/sdc/fidall/bin/recon_spiral.py
A8: 6 | B8: /export/home/sdc/fidall/bin/recon_spiral.py
A9: 7 | B9: /export/home/sdc/fidall/bin/recon_grid.py
A10: 8 | B10: /export/home/sdc/fidall/bin/recon_grid.py
A11: 9 | B11: /export/home/sdc/fidall/bin/recon_grid.py
A12: 10 | B12: /export/home/sdc/fidall/bin/recon_grid.py
A13: 11 | B13: /export/home/sdc/fidall/bin/recon_grid.py
A14: 12
A15: 13 | B15: /export/home/sdc/fidall/bin/recon_mrsi.py
A16: 14
A17: 15 | B17: /export/home/sdc/fidall/bin/recon_cart_interp.py
A18: 16 | B18: /export/home/sdc/fidall/bin/recon_cart.py
A19: 17 | B19: /export/home/sdc/fidall/bin/recon_mrsi_xenon.py
A20: 18 | B20: /export/home/sdc/fidall/bin/recon_grid.py
A21: 19 | B21: /export/home/sdc/fidall/bin/recon_grid.py
A22: 20 | B22: /export/home/sdc/fidall/bin/recon_spsp_profile.py
A23: 21 | B23: /export/home/sdc/fidall/bin/recon_spsp_profile.py
A24: 22 | B24: /export/home/sdc/fidall/bin/recon_fidall_epsi.py
A25: 23 | B25: /export/home/sdc/fidall/bin/recon_fidall_epsi.py
A26: 24 | B26: /export/home/sdc/fidall/bin/recon_fidall_epsi.py
A27: 25 | B27: /export/home/sdc/fidall/bin/recon_grid.py
A28: 26 | B28: /export/home/sdc/fidall/bin/recon_grid.py
... A33: 31 | B33: /export/home/sdc/fidall/bin/recon_calibration_cchmc.py
A34: 32
A35: 33
A36: 34
A37: 35 | B37: /export/home/sdc/fidall/bin/recon_diffusion.py
A38: 36 | B38: /export/home/sdc/fidall/bin/recon_diffusion.py
A39: 37 | B39: /export/home/sdc/fidall/bin/recon_diffusion.py
A40: 38 | B40: /export/home/sdc/fidall/bin/recon_diffusion.py
A41: 39 | B41: /export/home/sdc/fidall/bin/recon_diffusion.py
A42: 40 | B42: /export/home/sdc/fidall/bin/recon_grid3d_gx.py
A43: 41 | B43: /export/home/sdc/fidall/bin/recon_grid_interp.py
A44: 42 | B44: /export/home/sdc/fidall/bin/recon_grid_interp.py
A45: 43 | B45: /export/home/sdc/fidall/bin/recon_grid_interp.py
A46: 44
A47: 45
A48: 46
A49: 47
A50: 48
A51: 49
A52: 50
A53: 51
A54: 52 | B54: /export/home/sdc/fidall/bin/recon_calibration_cchmc.py
A55: 53 | B55: /export/home/sdc/fidall/bin/recon_grid3d_gx.py
A56: 54
A57: 55 | B57: /export/home/sdc/fidall/bin/recon_mrsi_xenon.py
A58: 56 | B58: /export/home/sdc/fidall/bin/recon_mrsi_xenon.py
A59: 57 | B59: /export/home/sdc/fidall/bin/recon_mrsi_xenon.py
A60: 58 | B60: /export/home/sdc/fidall/bin/recon_mrsi_xenon.py
A61: 59
A62: 60
A63: 61
A64: 62
A65: 63
A66: 64
A67: 65
A68: 66 | B68: /export/home/sdc/fidall/bin/recon_grid3d_gx.py
A69: 67 | B69: /export/home/sdc/fidall/bin/recon_grid_interp.py
A70: 68 | B70: /export/home/sdc/fidall/bin/recon_nutation.py
A71: 69
A72: 70 | B72: /export/home/sdc/fidall/bin/recon_grid_interp.py
A73: 71 | B73: /export/home/sdc/fidall/bin/recon_grid_interp.py
A74: 72 | B74: /export/home/sdc/fidall/bin/recon_grid_interp.py
A75: 73 | B75: /export/home/sdc/fidall/bin/recon_grid_interp.py
A76: 74 | B76: /export/home/sdc/fidall/bin/recon_grid_interp.py
A77: 75 | B77: /export/home/sdc/fidall/bin/recon_grid_interp.py
A78: 76 | B78: /export/home/sdc/fidall/bin/recon_grid_interp.py
A79: 77 | B79: /export/home/sdc/fidall/bin/recon_grid_interp.py
A80: 78 | B80: /export/home/sdc/fidall/bin/recon_grid_interp.py
A81: 79 | B81: /export/home/sdc/fidall/bin/recon_grid_interp.py
A82: 80
A83: 81
A84: 82
A85: 83
A86: 84
A87: 85
A88: 86
A89: 87
A90: 88
A91: 89
A92: 90
A93: 91
... A101: 99
A102: 100 | B102: /export/home/sdc/fidall/bin/archive_pfile.py
A103: 101 | B103: /export/home/sdc/fidall/bin/stack_plot.py
A104: 102 | B104: /export/home/sdc/fidall/bin/recon_csi.py
A105: 103 | B105: /export/home/sdc/fidall/bin/recon_csi_snr.py
A106: 104 | B106: /export/home/sdc/fidall/bin/recon_csi_blosi.py
A107: 105 | B107: /export/home/sdc/fidall/bin/recon_zte.py
A108: 106 | B108: /export/home/sdc/fidall/bin/recon_snr_map_2Dgr.py
A109: 107 | B109: /export/home/sdc/fidall/bin/mns_get_f0.py
A110: 108 | B110: /export/home/sdc/fidall/bin/plot_spec_noise.py
A111: 109
...

Sheet vap links
A1: Link # | B1: vap_agx | C1: vap_agy | D1: vap_agz | E1: vap_flip | F1: vap_freq | G1: vap_phase | H1: vap_phi | I1: vap_theta | J1: vap_tr | K1: return
A2: 1 | K2: =_xlfn.TEXTJOIN(CHAR(10),TRUE,Table248[[#This Row],[vap_agx]:[vap_tr]])
A3: 2 | K3: =_xlfn.TEXTJOIN(CHAR(10),TRUE,Table248[[#This Row],[vap_agx]:[vap_tr]])
A4: 3 | K4: =_xlfn.TEXTJOIN(CHAR(10),TRUE,Table248[[#This Row],[vap_agx]:[vap_tr]])
A5: 4 | K5: =_xlfn.TEXTJOIN(CHAR(10),TRUE,Table248[[#This Row],[vap_agx]:[vap_tr]])
A6: 5 | K6: =_xlfn.TEXTJOIN(CHAR(10),TRUE,Table248[[#This Row],[vap_agx]:[vap_tr]])
A7: 6 | K7: =_xlfn.TEXTJOIN(CHAR(10),TRUE,Table248[[#This Row],[vap_agx]:[vap_tr]])
A8: 7 | K8: =_xlfn.TEXTJOIN(CHAR(10),TRUE,Table248[[#This Row],[vap_agx]:[vap_tr]])
A9: 8 | H9: ../waveforms/spiral/spiral_1H_fov200_mtx200_arms50_kdt2_gmax29_smax119_dur3p3_phi.fdl | K9: =_xlfn.TEXTJOIN(CHAR(10),TRUE,Table248[[#This Row],[vap_agx]:[vap_tr]]) -> ../waveforms/spiral/spiral_1H_fov200_mtx200_arms50_kdt2_gmax29_smax119_dur3p3_phi.fdl
A10: 9 | K10: =_xlfn.TEXTJOIN(CHAR(10),TRUE,Table248[[#This Row],[vap_agx]:[vap_tr]])
A11: 10 | H11: ../waveforms/mrp/radial2D_1H_fov200_mtx300_intlv1000_kdt4_gmax25_smax100_dur4p5_fsca_rew1_GA7_phi.fdl | K11: =_xlfn.TEXTJOIN(CHAR(10),TRUE,Table248[[#This Row],[vap_agx]:[vap_tr]]) -> ../waveforms/mrp/radial2D_1H_fov200_mtx300_intlv1000_kdt4_gmax25_smax100_dur4p5_fsca_rew1_GA7_phi.fdl
A12: 11 | D12: ../waveforms/mrp/radial4D_1H_fov200_53_mtx300_20_intlv40000_kdt4_gmax25_smax100_dur4p5_fsca_rew1_GA7_zPE3_agz.fdl | E12: ../waveforms/mrp/radial4D_1H_fov200_53_mtx300_20_intlv40000_kdt4_gmax25_smax100_dur4p5_fsca_rew1_GA7_zPE3_flip.fdl | H12: ../waveforms/mrp/radial4D_1H_fov200_53_mtx300_20_intlv40000_kdt4_gmax25_smax100_dur4p5_fsca_rew1_GA7_zPE3_phi.fdl | K12: =_xlfn.TEXTJOIN(CHAR(10),TRUE,Table248[[#This Row],[vap_agx]:[vap_tr]]) -> ../waveforms/mrp/radial4D_1H_fov200_53_mtx300_20_intlv40000_kdt4_gmax25_smax100_dur4p5_fsca_rew1_GA7_zPE3_agz.fdl ../waveforms/mrp/radial4D_1H_fov200_53_mtx300_20_intlv40000_kdt4_gmax25_smax100_dur4p5_fsca_rew1_GA7_zPE3_flip.fdl ../waveforms/mrp/radial4D_1H_fov200_53_mtx300_20_intlv40000_kdt4_gmax25_smax100_dur4p5_fsca_rew1_GA7_zPE3_phi.fdl
A13: 12 | K13: =_xlfn.TEXTJOIN(CHAR(10),TRUE,Table248[[#This Row],[vap_agx]:[vap_tr]])
A14: 13 | K14: =_xlfn.TEXTJOIN(CHAR(10),TRUE,Table248[[#This Row],[vap_agx]:[vap_tr]])
A15: 14 | K15: =_xlfn.TEXTJOIN(CHAR(10),TRUE,Table248[[#This Row],[vap_agx]:[vap_tr]])
A16: 15 | E16: ../waveforms/cart/vap_vfa80_30.fdl | K16: =_xlfn.TEXTJOIN(CHAR(10),TRUE,Table248[[#This Row],[vap_agx]:[vap_tr]]) -> ../waveforms/cart/vap_vfa80_30.fdl
A17: 16 | E17: ../waveforms/cart/vap_flip_ramp_ssfp_1928.fdl | K17: =_xlfn.TEXTJOIN(CHAR(10),TRUE,Table248[[#This Row],[vap_agx]:[vap_tr]]) -> ../waveforms/cart/vap_flip_ramp_ssfp_1928.fdl
A18: 17 | B18: ../waveforms/mrsi/mrsi3D_129Xe_scheme2_3_fov270_240_150_mtx18_16_10_bw20000_npts88_nexc1586_gmax16_smax87_crush2_agx.fdl | C18: ../waveforms/mrsi/mrsi3D_129Xe_scheme2_3_fov270_240_150_mtx18_16_10_bw20000_npts88_nexc1586_gmax16_smax87_crush2_agy.fdl | D18: ../waveforms/mrsi/mrsi3D_129Xe_scheme2_3_fov270_240_150_mtx18_16_10_bw20000_npts88_nexc1586_gmax16_smax87_crush2_agz.fdl | E18: ../waveforms/mrsi/vap_flip_10deg.fdl | K18: =_xlfn.TEXTJOIN(CHAR(10),TRUE,Table248[[#This Row],[vap_agx]:[vap_tr]]) -> ../waveforms/mrsi/mrsi3D_129Xe_scheme2_3_fov270_240_150_mtx18_16_10_bw20000_npts88_nexc1586_gmax16_smax87_crush2_agx.fdl ../waveforms/mrsi/mrsi3D_129Xe_scheme2_3_fov270_240_150_mtx18_16_10_bw20000_npts88_nexc1586_gmax16_smax87_crush2_agy.fdl ../waveforms/mrsi/mrsi3D_129Xe_scheme2_3_fov270_240_150_mtx18_16_10_bw20000_npts88_nexc1586_gmax16_smax87_crush2_agz.fdl ../waveforms/mrsi/vap_flip_10deg.fdl
A19: 18 | G19: ../waveforms/radial/vap_phase_rand15684.fdl | H19: ../waveforms/radial/radial3D_1H_fov170_mtx200_intlv61712_kdt4_gmax32_smax120_dur1p3_coca_rew2_1_phi.fdl | I19: ../waveforms/radial/radial3D_1H_fov170_mtx200_intlv61712_kdt4_gmax32_smax120_dur1p3_coca_rew2_1_theta.fdl | K19: =_xlfn.TEXTJOIN(CHAR(10),TRUE,Table248[[#This Row],[vap_agx]:[vap_tr]]) -> ../waveforms/radial/vap_phase_rand15684.fdl ../waveforms/radial/radial3D_1H_fov170_mtx200_intlv61712_kdt4_gmax32_smax120_dur1p3_coca_rew2_1_phi.fdl ../waveforms/radial/radial3D_1H_fov170_mtx200_intlv61712_kdt4_gmax32_smax120_dur1p3_coca_rew2_1_theta.fdl
A20: 19 | G20: ../waveforms/radial/vap_phase_rand15684.fdl | H20: ../waveforms/radial/radial3D_23Na_fov159_mtx80_intlv20230_kdt24_gmax33_smax120_dur16p1_coda_rew2_1_phi.fdl | I20: ../waveforms/radial/radial3D_23Na_fov159_mtx80_intlv20230_kdt24_gmax33_smax120_dur16p1_coda_rew2_1_theta.fdl | K20: =_xlfn.TEXTJOIN(CHAR(10),TRUE,Table248[[#This Row],[vap_agx]:[vap_tr]]) -> ../waveforms/radial/vap_phase_rand15684.fdl ../waveforms/radial/radial3D_23Na_fov159_mtx80_intlv20230_kdt24_gmax33_smax120_dur16p1_coda_rew2_1_phi.fdl ../waveforms/radial/radial3D_23Na_fov159_mtx80_intlv20230_kdt24_gmax33_smax120_dur16p1_coda_rew2_1_theta.fdl
A21: 20 | K21: =_xlfn.TEXTJOIN(CHAR(10),TRUE,Table248[[#This Row],[vap_agx]:[vap_tr]])
A22: 21 | K22: =_xlfn.TEXTJOIN(CHAR(10),TRUE,Table248[[#This Row],[vap_agx]:[vap_tr]])
A23: 22 | K23: =_xlfn.TEXTJOIN(CHAR(10),TRUE,Table248[[#This Row],[vap_agx]:[vap_tr]])
A24: 23 | K24: =_xlfn.TEXTJOIN(CHAR(10),TRUE,Table248[[#This Row],[vap_agx]:[vap_tr]])
A25: 24 | K25: =_xlfn.TEXTJOIN(CHAR(10),TRUE,Table248[[#This Row],[vap_agx]:[vap_tr]])
A26: 25 | E26: ../waveforms/mrp/fisp_mrf_flip.fdl | J26: ../waveforms/mrp/fisp_mrf_tr.fdl | K26: =_xlfn.TEXTJOIN(CHAR(10),TRUE,Table248[[#This Row],[vap_agx]:[vap_tr]]) -> ../waveforms/mrp/fisp_mrf_flip.fdl ../waveforms/mrp/fisp_mrf_tr.fdl
A27: 26 | E27: ../waveforms/mrp/qti_Nreps_260_FA_7_70_flip.fdl | K27: =_xlfn.TEXTJOIN(CHAR(10),TRUE,Table248[[#This Row],[vap_agx]:[vap_tr]]) -> ../waveforms/mrp/qti_Nreps_260_FA_7_70_flip.fdl
A28: 27 | E28: ../waveforms/grad_noise/vap_flip_zero.fdl | K28: =_xlfn.TEXTJOIN(CHAR(10),TRUE,Table248[[#This Row],[vap_agx]:[vap_tr]]) -> ../waveforms/grad_noise/vap_flip_zero.fdl
A29: 28 | K29: =_xlfn.TEXTJOIN(CHAR(10),TRUE,Table248[[#This Row],[vap_agx]:[vap_tr]])
A30: 29 | E30: ../waveforms/mrp/ramp_flip70.fdl | H30: ../waveforms/mrp/3Dspiral_fov_256_npix_200_gmax_18_smax_60_nphi_880_phi.fdl | I30: ../waveforms/mrp/3Dspiral_fov_256_npix_200_gmax_18_smax_60_nphi_880_theta.fdl | K30: =_xlfn.TEXTJOIN(CHAR(10),TRUE,Table248[[#This Row],[vap_agx]:[vap_tr]]) -> ../waveforms/mrp/ramp_flip70.fdl ../waveforms/mrp/3Dspiral_fov_256_npix_200_gmax_18_smax_60_nphi_880_phi.fdl ../waveforms/mrp/3Dspiral_fov_256_npix_200_gmax_18_smax_60_nphi_880_theta.fdl
A31: 30 | F31: ../waveforms/cal/cal_cpir_nexc520_ndiss500_dfreq202_freq.fdl | G31: ../waveforms/vap_rf_spoiling/vap_phase_rf_spoiling_262112.fdl | K31: =_xlfn.TEXTJOIN(CHAR(10),TRUE,Table248[[#This Row],[vap_agx]:[vap_tr]]) -> ../waveforms/cal/cal_cpir_nexc520_ndiss500_dfreq202_freq.fdl ../waveforms/vap_rf_spoiling/vap_phase_rf_spoiling_262112.fdl
A32: 31 | F32: ../waveforms/cal/cal_xectc_nexc520_ndiss500_dfreq218_freq.fdl | G32: ../waveforms/vap_rf_spoiling/vap_phase_rf_spoiling_262112.fdl | K32: =_xlfn.TEXTJOIN(CHAR(10),TRUE,Table248[[#This Row],[vap_agx]:[vap_tr]]) -> ../waveforms/cal/cal_xectc_nexc520_ndiss500_dfreq218_freq.fdl ../waveforms/vap_rf_spoiling/vap_phase_rf_spoiling_262112.fdl
A33: 32 | K33: =_xlfn.TEXTJOIN(CHAR(10),TRUE,Table248[[#This Row],[vap_agx]:[vap_tr]])
A34: 33 | K34: =_xlfn.TEXTJOIN(CHAR(10),TRUE,Table248[[#This Row],[vap_agx]:[vap_tr]])
A35: 34 | K35: =_xlfn.TEXTJOIN(CHAR(10),TRUE,Table248[[#This Row],[vap_agx]:[vap_tr]])
A36: 35 | G36: ../waveforms/vap_rf_spoiling/vap_phase_rf_spoiling_262112.fdl | K36: =_xlfn.TEXTJOIN(CHAR(10),TRUE,Table248[[#This Row],[vap_agx]:[vap_tr]]) -> ../waveforms/vap_rf_spoiling/vap_phase_rf_spoiling_262112.fdl
A37: 36 | G37: ../waveforms/vap_rf_spoiling/vap_phase_rf_spoiling_262112.fdl | K37: =_xlfn.TEXTJOIN(CHAR(10),TRUE,Table248[[#This Row],[vap_agx]:[vap_tr]]) -> ../waveforms/vap_rf_spoiling/vap_phase_rf_spoiling_262112.fdl
A38: 37 | G38: ../waveforms/vap_rf_spoiling/vap_phase_rf_spoiling_262112.fdl | K38: =_xlfn.TEXTJOIN(CHAR(10),TRUE,Table248[[#This Row],[vap_agx]:[vap_tr]]) -> ../waveforms/vap_rf_spoiling/vap_phase_rf_spoiling_262112.fdl
A39: 38 | G39: ../waveforms/vap_rf_spoiling/vap_phase_rf_spoiling_262112.fdl | K39: =_xlfn.TEXTJOIN(CHAR(10),TRUE,Table248[[#This Row],[vap_agx]:[vap_tr]]) -> ../waveforms/vap_rf_spoiling/vap_phase_rf_spoiling_262112.fdl
A40: 39 | G40: ../waveforms/vap_rf_spoiling/vap_phase_rf_spoiling_262112.fdl | K40: =_xlfn.TEXTJOIN(CHAR(10),TRUE,Table248[[#This Row],[vap_agx]:[vap_tr]]) -> ../waveforms/vap_rf_spoiling/vap_phase_rf_spoiling_262112.fdl
A41: 40 | E41: ../waveforms/gx_cpir_1ptDixon/interleaved_radial3D_129xe_fov325_mtx56_intlv2002_kdt18_gmax37_smax144_dur1p6_coca_rew2_1p25_GA5_flip.fdl | F41: ../waveforms/gx_cpir_1ptDixon/interleaved_radial3D_129xe_fov325_mtx56_intlv2002_kdt18_gmax37_smax144_dur1p6_coca_rew2_1p25_GA5_freq.fdl | G41: ../waveforms/gx_cpir_1ptDixon/vap_phase_rf_spoiling_262112.fdl | K41: =_xlfn.TEXTJOIN(CHAR(10),TRUE,Table248[[#This Row],[vap_agx]:[vap_tr]]) -> ../waveforms/gx_cpir_1ptDixon/interleaved_radial3D_129xe_fov325_mtx56_intlv2002_kdt18_gmax37_smax144_dur1p6_coca_rew2_1p25_GA5_flip.fdl ../waveforms/gx_cpir_1ptDixon/interleaved_radial3D_129xe_fov325_mtx56_intlv2002_kdt18_gmax37_smax144_dur1p6_coca_rew2_1p25_GA5_freq.fdl ../waveforms/gx_cpir_1ptDixon/vap_phase_rf_spoiling_262112.fdl
A42: 41 | G42: ../waveforms/gx_cpir_1ptDixon/vap_phase_rf_spoiling_262112.fdl | H42: ../waveforms/gx_cpir_1ptDixon/radial3D_1h_fov325_mtx56_intlv5000_kdt18_gmax19_smax141_dur1p4_coca_rew2_1p25_GA5_phi.fdl | I42: ../waveforms/gx_cpir_1ptDixon/radial3D_1h_fov325_mtx56_intlv5000_kdt18_gmax19_smax141_dur1p4_coca_rew2_1p25_GA5_theta.fdl | K42: =_xlfn.TEXTJOIN(CHAR(10),TRUE,Table248[[#This Row],[vap_agx]:[vap_tr]]) -> ../waveforms/gx_cpir_1ptDixon/vap_phase_rf_spoiling_262112.fdl ../waveforms/gx_cpir_1ptDixon/radial3D_1h_fov325_mtx56_intlv5000_kdt18_gmax19_smax141_dur1p4_coca_rew2_1p25_GA5_phi.fdl ../waveforms/gx_cpir_1ptDixon/radial3D_1h_fov325_mtx56_intlv5000_kdt18_gmax19_smax141_dur1p4_coca_rew2_1p25_GA5_theta.fdl
A43: 42 | G43: ../waveforms/vent_cpir_floret/vap_phase_rf_spoiling_262112.fdl | K43: =_xlfn.TEXTJOIN(CHAR(10),TRUE,Table248[[#This Row],[vap_agx]:[vap_tr]]) -> ../waveforms/vent_cpir_floret/vap_phase_rf_spoiling_262112.fdl
A44: 43 | G44: ../waveforms/vent_cpir_floret/vap_phase_rf_spoiling_262112.fdl | K44: =_xlfn.TEXTJOIN(CHAR(10),TRUE,Table248[[#This Row],[vap_agx]:[vap_tr]]) -> ../waveforms/vent_cpir_floret/vap_phase_rf_spoiling_262112.fdl
A45: 44 | K45: =_xlfn.TEXTJOIN(CHAR(10),TRUE,Table248[[#This Row],[vap_agx]:[vap_tr]])
A46: 45 | K46: =_xlfn.TEXTJOIN(CHAR(10),TRUE,Table248[[#This Row],[vap_agx]:[vap_tr]])
A47: 46 | K47: =_xlfn.TEXTJOIN(CHAR(10),TRUE,Table248[[#This Row],[vap_agx]:[vap_tr]])
A48: 47 | K48: =_xlfn.TEXTJOIN(CHAR(10),TRUE,Table248[[#This Row],[vap_agx]:[vap_tr]])
A49: 48 | K49: =_xlfn.TEXTJOIN(CHAR(10),TRUE,Table248[[#This Row],[vap_agx]:[vap_tr]])
A50: 49 | K50: =_xlfn.TEXTJOIN(CHAR(10),TRUE,Table248[[#This Row],[vap_agx]:[vap_tr]])
A51: 50 | K51: =_xlfn.TEXTJOIN(CHAR(10),TRUE,Table248[[#This Row],[vap_agx]:[vap_tr]])
A52: 51 | K52: =_xlfn.TEXTJOIN(CHAR(10),TRUE,Table248[[#This Row],[vap_agx]:[vap_tr]])
A53: 52 | F53: ../waveforms/cal/cal_xectc_nexc520_ndiss500_dfreq218_freq.fdl | G53: ../waveforms/cal/vap_phase_rf_spoiling_262112.fdl | K53: =_xlfn.TEXTJOIN(CHAR(10),TRUE,Table248[[#This Row],[vap_agx]:[vap_tr]]) -> ../waveforms/cal/cal_xectc_nexc520_ndiss500_dfreq218_freq.fdl ../waveforms/cal/vap_phase_rf_spoiling_262112.fdl
A54: 53 | E54: ../waveforms/Xenon_3D_Radial_Dixon/interleaved_radial3D_129xe_fov400_mtx64_intlv2402_kdt10_gmax31_smax106_dur1p2_coca_rew2_1p25_HAL_flip.fdl | F54: ../waveforms/Xenon_3D_Radial_Dixon/interleaved_radial3D_129xe_fov400_mtx64_intlv2402_kdt10_gmax31_smax106_dur1p2_coca_rew2_1p25_HAL_freq.fdl | G54: ../waveforms/Xenon_3D_Radial_Dixon/vap_phase_rf_spoiling_262112.fdl | K54: =_xlfn.TEXTJOIN(CHAR(10),TRUE,Table248[[#This Row],[vap_agx]:[vap_tr]]) -> ../waveforms/Xenon_3D_Radial_Dixon/interleaved_radial3D_129xe_fov400_mtx64_intlv2402_kdt10_gmax31_smax106_dur1p2_coca_rew2_1p25_HAL_flip.fdl ../waveforms/Xenon_3D_Radial_Dixon/interleaved_radial3D_129xe_fov400_mtx64_intlv2402_kdt10_gmax31_smax106_dur1p2_coca_rew2_1p25_HAL_freq.fdl ../waveforms/Xenon_3D_Radial_Dixon/vap_phase_rf_spoiling_262112.fdl
A55: 54 | K55: =_xlfn.TEXTJOIN(CHAR(10),TRUE,Table248[[#This Row],[vap_agx]:[vap_tr]])
A56: 55 | E56: ../waveforms/gx_cpir_MRSI/vap_flip_gx_16p293deg_tr10_10sat.fdl | G56: ../waveforms/gx_cpir_MRSI/vap_phase_rf_spoiling_262112.fdl | K56: =_xlfn.TEXTJOIN(CHAR(10),TRUE,Table248[[#This Row],[vap_agx]:[vap_tr]]) -> ../waveforms/gx_cpir_MRSI/vap_flip_gx_16p293deg_tr10_10sat.fdl ../waveforms/gx_cpir_MRSI/vap_phase_rf_spoiling_262112.fdl
A57: 56 | E57: ../waveforms/gx_cpir_MRSI/vap_flip_gx_16p293deg_tr10_10sat.fdl | G57: ../waveforms/gx_cpir_MRSI/vap_phase_rf_spoiling_262112.fdl | K57: =_xlfn.TEXTJOIN(CHAR(10),TRUE,Table248[[#This Row],[vap_agx]:[vap_tr]]) -> ../waveforms/gx_cpir_MRSI/vap_flip_gx_16p293deg_tr10_10sat.fdl ../waveforms/gx_cpir_MRSI/vap_phase_rf_spoiling_262112.fdl
A58: 57 | E58: ../waveforms/gx_cpir_MRSI/vap_flip_gx_16p293deg_tr10_10sat.fdl | G58: ../waveforms/gx_cpir_MRSI/vap_phase_rf_spoiling_262112.fdl | K58: =_xlfn.TEXTJOIN(CHAR(10),TRUE,Table248[[#This Row],[vap_agx]:[vap_tr]]) -> ../waveforms/gx_cpir_MRSI/vap_flip_gx_16p293deg_tr10_10sat.fdl ../waveforms/gx_cpir_MRSI/vap_phase_rf_spoiling_262112.fdl
A59: 58 | E59: ../waveforms/gx_cpir_MRSI/vap_flip_gx_16p293deg_tr10_10sat.fdl | G59: ../waveforms/gx_cpir_MRSI/vap_phase_rf_spoiling_262112.fdl | K59: =_xlfn.TEXTJOIN(CHAR(10),TRUE,Table248[[#This Row],[vap_agx]:[vap_tr]]) -> ../waveforms/gx_cpir_MRSI/vap_flip_gx_16p293deg_tr10_10sat.fdl ../waveforms/gx_cpir_MRSI/vap_phase_rf_spoiling_262112.fdl
A60: 59 | K60: =_xlfn.TEXTJOIN(CHAR(10),TRUE,Table248[[#This Row],[vap_agx]:[vap_tr]])
A61: 60 | K61: =_xlfn.TEXTJOIN(CHAR(10),TRUE,Table248[[#This Row],[vap_agx]:[vap_tr]])
A62: 61 | K62: =_xlfn.TEXTJOIN(CHAR(10),TRUE,Table248[[#This Row],[vap_agx]:[vap_tr]])
A63: 62 | K63: =_xlfn.TEXTJOIN(CHAR(10),TRUE,Table248[[#This Row],[vap_agx]:[vap_tr]])
A64: 63 | K64: =_xlfn.TEXTJOIN(CHAR(10),TRUE,Table248[[#This Row],[vap_agx]:[vap_tr]])
A65: 64 | K65: =_xlfn.TEXTJOIN(CHAR(10),TRUE,Table248[[#This Row],[vap_agx]:[vap_tr]])
A66: 65 | K66: =_xlfn.TEXTJOIN(CHAR(10),TRUE,Table248[[#This Row],[vap_agx]:[vap_tr]])
A67: 66 | E67: ../waveforms/gx_XeCTC_1ptDixon/interleaved_radial3D_129xe_fov400_mtx64_intlv2002_kdt10_gmax31_smax106_dur1p2_coca_rew2_1p25_HAL_flip.fdl | F67: ../waveforms/gx_XeCTC_1ptDixon/interleaved_radial3D_129xe_fov400_mtx64_intlv2002_kdt10_gmax31_smax106_dur1p2_coca_rew2_1p25_HAL_freq.fdl | G67: ../waveforms/gx_XeCTC_1ptDixon/vap_phase_rf_spoiling_262112.fdl | K67: =_xlfn.TEXTJOIN(CHAR(10),TRUE,Table248[[#This Row],[vap_agx]:[vap_tr]]) -> ../waveforms/gx_XeCTC_1ptDixon/interleaved_radial3D_129xe_fov400_mtx64_intlv2002_kdt10_gmax31_smax106_dur1p2_coca_rew2_1p25_HAL_flip.fdl ../waveforms/gx_XeCTC_1ptDixon/interleaved_radial3D_129xe_fov400_mtx64_intlv2002_kdt10_gmax31_smax106_dur1p2_coca_rew2_1p25_HAL_freq.fdl ../waveforms/gx_XeCTC_1ptDixon/vap_phase_rf_spoiling_262112.fdl
A68: 67 | G68: ../waveforms/gx_XeCTC_1ptDixon/vap_phase_rf_spoiling_262112.fdl | H68: ../waveforms/gx_XeCTC_1ptDixon/radial3D_1h_fov400_mtx64_intlv4600_kdt18_gmax6_smax17_dur2_coca_rew2_1p25_HAL_phi.fdl | I68: ../waveforms/gx_XeCTC_1ptDixon/radial3D_1h_fov400_mtx64_intlv4600_kdt18_gmax6_smax17_dur2_coca_rew2_1p25_HAL_theta.fdl | K68: =_xlfn.TEXTJOIN(CHAR(10),TRUE,Table248[[#This Row],[vap_agx]:[vap_tr]]) -> ../waveforms/gx_XeCTC_1ptDixon/vap_phase_rf_spoiling_262112.fdl ../waveforms/gx_XeCTC_1ptDixon/radial3D_1h_fov400_mtx64_intlv4600_kdt18_gmax6_smax17_dur2_coca_rew2_1p25_HAL_phi.fdl ../waveforms/gx_XeCTC_1ptDixon/radial3D_1h_fov400_mtx64_intlv4600_kdt18_gmax6_smax17_dur2_coca_rew2_1p25_HAL_theta.fdl
A69: 68 | E69: ../waveforms/qa_cpir_nutation/qa_cpir_nutation_nexc18_start10_end180_flip.fdl | K69: =_xlfn.TEXTJOIN(CHAR(10),TRUE,Table248[[#This Row],[vap_agx]:[vap_tr]]) -> ../waveforms/qa_cpir_nutation/qa_cpir_nutation_nexc18_start10_end180_flip.fdl
A70: 69 | K70: =_xlfn.TEXTJOIN(CHAR(10),TRUE,Table248[[#This Row],[vap_agx]:[vap_tr]])
A71: 70 | G71: ../waveforms/vent_cpir_2dSpiralVD/vap_phase_rf_spoiling_262112.fdl | K71: =_xlfn.TEXTJOIN(CHAR(10),TRUE,Table248[[#This Row],[vap_agx]:[vap_tr]]) -> ../waveforms/vent_cpir_2dSpiralVD/vap_phase_rf_spoiling_262112.fdl
A72: 71 | G72: ../waveforms/vent_cpir_2dSpiralVD/vap_phase_rf_spoiling_262112.fdl | K72: =_xlfn.TEXTJOIN(CHAR(10),TRUE,Table248[[#This Row],[vap_agx]:[vap_tr]]) -> ../waveforms/vent_cpir_2dSpiralVD/vap_phase_rf_spoiling_262112.fdl
A73: 72 | G73: ../waveforms/vent_cpir_2dSpiralVD/vap_phase_rf_spoiling_262112.fdl | K73: =_xlfn.TEXTJOIN(CHAR(10),TRUE,Table248[[#This Row],[vap_agx]:[vap_tr]]) -> ../waveforms/vent_cpir_2dSpiralVD/vap_phase_rf_spoiling_262112.fdl
A74: 73 | G74: ../waveforms/vent_cpir_2dSpiralVD/vap_phase_rf_spoiling_262112.fdl | K74: =_xlfn.TEXTJOIN(CHAR(10),TRUE,Table248[[#This Row],[vap_agx]:[vap_tr]]) -> ../waveforms/vent_cpir_2dSpiralVD/vap_phase_rf_spoiling_262112.fdl
A75: 74 | G75: ../waveforms/vent_cpir_2dSpiralVD/vap_phase_rf_spoiling_262112.fdl | K75: =_xlfn.TEXTJOIN(CHAR(10),TRUE,Table248[[#This Row],[vap_agx]:[vap_tr]]) -> ../waveforms/vent_cpir_2dSpiralVD/vap_phase_rf_spoiling_262112.fdl
A76: 75 | G76: ../waveforms/vent_cpir_2dSpiralVD/vap_phase_rf_spoiling_262112.fdl | K76: =_xlfn.TEXTJOIN(CHAR(10),TRUE,Table248[[#This Row],[vap_agx]:[vap_tr]]) -> ../waveforms/vent_cpir_2dSpiralVD/vap_phase_rf_spoiling_262112.fdl
A77: 76 | G77: ../waveforms/vent_cpir_2dSpiralVD/vap_phase_rf_spoiling_262112.fdl | K77: =_xlfn.TEXTJOIN(CHAR(10),TRUE,Table248[[#This Row],[vap_agx]:[vap_tr]]) -> ../waveforms/vent_cpir_2dSpiralVD/vap_phase_rf_spoiling_262112.fdl
A78: 77 | G78: ../waveforms/vent_cpir_2dSpiralVD/vap_phase_rf_spoiling_262112.fdl | K78: =_xlfn.TEXTJOIN(CHAR(10),TRUE,Table248[[#This Row],[vap_agx]:[vap_tr]]) -> ../waveforms/vent_cpir_2dSpiralVD/vap_phase_rf_spoiling_262112.fdl
A79: 78 | G79: ../waveforms/vent_cpir_2dSpiralVD/vap_phase_rf_spoiling_262112.fdl | K79: =_xlfn.TEXTJOIN(CHAR(10),TRUE,Table248[[#This Row],[vap_agx]:[vap_tr]]) -> ../waveforms/vent_cpir_2dSpiralVD/vap_phase_rf_spoiling_262112.fdl
A80: 79 | G80: ../waveforms/vent_cpir_2dSpiralVD/vap_phase_rf_spoiling_262112.fdl | K80: =_xlfn.TEXTJOIN(CHAR(10),TRUE,Table248[[#This Row],[vap_agx]:[vap_tr]]) -> ../waveforms/vent_cpir_2dSpiralVD/vap_phase_rf_spoiling_262112.fdl
A81: 80 | K81: =_xlfn.TEXTJOIN(CHAR(10),TRUE,Table248[[#This Row],[vap_agx]:[vap_tr]])
A82: 81 | K82: =_xlfn.TEXTJOIN(CHAR(10),TRUE,Table248[[#This Row],[vap_agx]:[vap_tr]])
A83: 82 | K83: =_xlfn.TEXTJOIN(CHAR(10),TRUE,Table248[[#This Row],[vap_agx]:[vap_tr]])
A84: 83 | K84: =_xlfn.TEXTJOIN(CHAR(10),TRUE,Table248[[#This Row],[vap_agx]:[vap_tr]])
A85: 84 | K85: =_xlfn.TEXTJOIN(CHAR(10),TRUE,Table248[[#This Row],[vap_agx]:[vap_tr]])
A86: 85 | K86: =_xlfn.TEXTJOIN(CHAR(10),TRUE,Table248[[#This Row],[vap_agx]:[vap_tr]])
A87: 86 | K87: =_xlfn.TEXTJOIN(CHAR(10),TRUE,Table248[[#This Row],[vap_agx]:[vap_tr]])
A88: 87 | K88: =_xlfn.TEXTJOIN(CHAR(10),TRUE,Table248[[#This Row],[vap_agx]:[vap_tr]])
A89: 88 | K89: =_xlfn.TEXTJOIN(CHAR(10),TRUE,Table248[[#This Row],[vap_agx]:[vap_tr]])
A90: 89 | K90: =_xlfn.TEXTJOIN(CHAR(10),TRUE,Table248[[#This Row],[vap_agx]:[vap_tr]])
A91: 90 | K91: =_xlfn.TEXTJOIN(CHAR(10),TRUE,Table248[[#This Row],[vap_agx]:[vap_tr]])
A92: 91 | K92: =_xlfn.TEXTJOIN(CHAR(10),TRUE,Table248[[#This Row],[vap_agx]:[vap_tr]])
... A100: 99 | K100: =_xlfn.TEXTJOIN(CHAR(10),TRUE,Table248[[#This Row],[vap_agx]:[vap_tr]])

Sheet cv_pars links
A1: Link # | B1: cv_pars
A2: 1 | B2: cv_pars_13C_Pyr_ideal_spiral.cvs
A3: 2 | B3: cv_pars_13C_Pyr_spsp.cvs
A4: 3
A5: 4 | B5: cv_pars_dda4.cvs
A6: 5
A7: 6
A8: 7
A9: 8
A10: 9
A11: 10 | B11: ../waveforms/mrp/cv_pars_radial2d.txt
A12: 11 | B12: ../waveforms/mrp/cv_pars_radial4d_qti1000.txt
A13: 12 | B13: cv_pars12.cvs
A14: 13
A15: 14
A16: 15 | B16: ../waveforms/cart/cv_pars_spgr.cvs
A17: 16 | B17: ../waveforms/cart/cv_pars_ssfp.cvs
A18: 17 | B18: ../waveforms/mrsi/cv_pars_mrsi_xenon.cvs
A19: 18 | B19: ../waveforms/radial/cv_pars_3Dradial_1H.cvs
A20: 19 | B20: ../waveforms/radial/cv_pars_3Dradial_23Na.cvs
A21: 20 | B21: cv_pars20.cvs
A22: 21 | B22: cv_pars21.cvs
A23: 22
A24: 23
A25: 24
A26: 25 | B26: ../waveforms/mrp/cv_pars_mrp_2D_globalinv.cvs
A27: 26 | B27: ../waveforms/mrp/cv_pars_mrp_2D_localinv.cvs
A28: 27 | B28: ../waveforms/grad_noise/cv_pars_noise.cvs
A29: 28
A30: 29 | B30: ../waveforms/mrp/cv_3D.cvs
A31: 30 | B31: ../waveforms/cal/cal_xxx.cvs
A32: 31 | B32: ../waveforms/cal/cal_xxx.cvs
A33: 32
A34: 33
A35: 34
A36: 35 | B36: ../waveforms/diff_cpir_2dCart4bs/diff_cpir_2dCart4bs.cvs
A37: 36 | B37: ../waveforms/diff_cpir_2dCart4bs/diff_cpir_2dCart4bs.cvs
A38: 37 | B38: ../waveforms/diff_cpir_2dCart4bs/diff_cpir_2dCart4bs.cvs
A39: 38 | B39: ../waveforms/diff_cpir_2dCart4bs/diff_cpir_2dCart4bs.cvs
A40: 39 | B40: ../waveforms/diff_cpir_2dCart4bs/diff_cpir_2dCart4bs.cvs
A41: 40 | B41: ../waveforms/gx_cpir_1ptDixon/gx_cpir_1ptDixon.cvs
A42: 41 | B42: ../waveforms/gx_cpir_1ptDixon/anatgx_cpir_1ptDixon.cvs
A43: 42 | B43: ../waveforms/vent_cpir_floret/vent_cpir_floret.cvs
A44: 43 | B44: ../waveforms/vent_cpir_floret/vent_cpir_floret.cvs
A45: 44
A46: 45
A47: 46
A48: 47
A49: 48
A50: 49
A51: 50
A52: 51
A53: 52 | B53: ../waveforms/cal/cal_xxx.cvs
A54: 53 | B54: ../waveforms/Xenon_3D_Radial_Dixon/Xenon_3D_Radial_Dixon.cvs
A55: 54
A56: 55 | B56: ../waveforms/gx_cpir_MRSI/gx_cpir_mrsi.cvs
A57: 56 | B57: ../waveforms/gx_cpir_MRSI/gx_cpir_mrsi.cvs
A58: 57 | B58: ../waveforms/gx_cpir_MRSI/gx_cpir_mrsi.cvs
A59: 58 | B59: ../waveforms/gx_cpir_MRSI/gx_cpir_mrsi.cvs
A60: 59
A61: 60
A62: 61
A63: 62
A64: 63
A65: 64
A66: 65
A67: 66 | B67: ../waveforms/gx_XeCTC_1ptDixon/gx_xectc_1ptDixon.cvs
A68: 67 | B68: ../waveforms/gx_XeCTC_1ptDixon/anatgx_XeCTC_1ptDixon.cvs
A69: 68 | B69: ../waveforms/qa_cpir_nutation/qa_cpir_nutation.cvs
A70: 69
A71: 70 | B71: ../waveforms/vent_cpir_2dSpiralVD/vent_cpir_2dSpiralVD.cvs
A72: 71 | B72: ../waveforms/vent_cpir_2dSpiralVD/vent_cpir_2dSpiralVD.cvs
A73: 72 | B73: ../waveforms/vent_cpir_2dSpiralVD/vent_cpir_2dSpiralVD.cvs
A74: 73 | B74: ../waveforms/vent_cpir_2dSpiralVD/vent_cpir_2dSpiralVD.cvs
A75: 74 | B75: ../waveforms/vent_cpir_2dSpiralVD/vent_cpir_2dSpiralVD.cvs
A76: 75 | B76: ../waveforms/vent_cpir_2dSpiralVD/vent_cpir_2dSpiralVD.cvs
A77: 76 | B77: ../waveforms/vent_cpir_2dSpiralVD/vent_cpir_2dSpiralVD.cvs
A78: 77 | B78: ../waveforms/vent_cpir_2dSpiralVD/vent_cpir_2dSpiralVD.cvs
A79: 78 | B79: ../waveforms/vent_cpir_2dSpiralVD/vent_cpir_2dSpiralVD.cvs
A80: 79 | B80: ../waveforms/vent_cpir_2dSpiralVD/vent_cpir_2dSpiralVD.cvs
A81: 80
A82: 81
A83: 82
A84: 83
A85: 84
A86: 85
A87: 86
A88: 87
A89: 88
A90: 89
A91: 90
A92: 91
... A100: 99
